-- phpMyAdmin SQL Dump
-- version 5.0.4
-- https://www.phpmyadmin.net/
--
-- Host: 127.0.0.1
-- Generation Time: Sep 27, 2023 at 08:12 AM
-- Server version: 10.4.17-MariaDB
-- PHP Version: 8.0.0

SET SQL_MODE = "NO_AUTO_VALUE_ON_ZERO";
START TRANSACTION;
SET time_zone = "+00:00";


/*!40101 SET @OLD_CHARACTER_SET_CLIENT=@@CHARACTER_SET_CLIENT */;
/*!40101 SET @OLD_CHARACTER_SET_RESULTS=@@CHARACTER_SET_RESULTS */;
/*!40101 SET @OLD_COLLATION_CONNECTION=@@COLLATION_CONNECTION */;
/*!40101 SET NAMES utf8mb4 */;

--
-- Database: `jshope`
--

-- --------------------------------------------------------

--
-- Table structure for table `tbl_barang`
--

CREATE TABLE `tbl_barang` (
  `id_barang` int(100) NOT NULL,
  `deskripsi` varchar(100) NOT NULL,
  `harga` int(20) NOT NULL,
  `stok` int(5) NOT NULL,
  `created` date NOT NULL,
  `nama_image` varchar(50) NOT NULL,
  `type_image` varchar(50) NOT NULL,
  `size_image` bigint(20) NOT NULL
) ENGINE=InnoDB DEFAULT CHARSET=latin1;

--
-- Dumping data for table `tbl_barang`
--

INSERT INTO `tbl_barang` (`id_barang`, `deskripsi`, `harga`, `stok`, `created`, `nama_image`, `type_image`, `size_image`) VALUES
(1, 'Jersey Barcelona HOME 2017/2018', 145000, 100, '2018-01-01', '1.PNG', 'image/png', 106168),
(2, 'Jersey Real Madrid HOME 2017/2018', 135000, 50, '2018-01-01', '3.png', 'image/png', 85919),
(3, 'Jersey Argentina HOME 2017/2018', 120000, 50, '2018-01-01', '2.png', 'image/png', 86296),
(4, 'Jersey Liverpool HOME 2017/2018', 135000, 100, '2018-01-01', '4.png', 'image/png', 92477),
(5, 'Jersey AC Milan HOME 2017/2018', 130000, 50, '2018-01-01', '5.png', 'image/png', 93559),
(6, 'Jersey Manchester City HOME 2017/2018', 145000, 100, '2018-01-01', '6.png', 'image/png', 98904),
(7, 'Jersey Bayern Munchen HOME 2017/2018', 130000, 50, '2018-01-01', '7.png', 'image/png', 99855),
(9, 'Jersey Borusia Dortmund HOME 2017/2018', 135000, 50, '2018-01-01', '8.png', 'image/png', 135955),
(12, 'Jersey Germany - Jerman Home 2014', 160, 20, '2022-09-14', 'pngwing.com.png', 'image/png', 235539);

-- --------------------------------------------------------

--
-- Table structure for table `tbl_keranjang`
--

CREATE TABLE `tbl_keranjang` (
  `id` int(100) NOT NULL,
  `id_user` int(100) NOT NULL,
  `id_barang` int(100) NOT NULL,
  `ukuran` varchar(5) NOT NULL,
  `qty` int(50) NOT NULL,
  `kurir` varchar(15) NOT NULL,
  `date_in` date NOT NULL,
  `total` int(100) NOT NULL
) ENGINE=InnoDB DEFAULT CHARSET=latin1;

-- --------------------------------------------------------

--
-- Table structure for table `tbl_pesanan`
--

CREATE TABLE `tbl_pesanan` (
  `id_pesanan` int(100) NOT NULL,
  `id_user` int(100) NOT NULL,
  `id_barang` int(100) NOT NULL,
  `ukuran` varchar(5) NOT NULL,
  `qty` int(50) NOT NULL,
  `kurir` varchar(15) NOT NULL,
  `date_in` date NOT NULL,
  `total` int(100) NOT NULL
) ENGINE=InnoDB DEFAULT CHARSET=latin1;

--
-- Dumping data for table `tbl_pesanan`
--

INSERT INTO `tbl_pesanan` (`id_pesanan`, `id_user`, `id_barang`, `ukuran`, `qty`, `kurir`, `date_in`, `total`) VALUES
(16, 4, 5, 'L', 1, 'JNE', '2018-01-01', 130000),
(17, 4, 6, 'M', 1, 'TIKI', '2018-01-01', 145000),
(19, 2, 9, 'M', 2, 'JNE', '2018-01-01', 270000),
(20, 3, 7, 'M', 2, 'KILAT', '2018-01-02', 260000),
(21, 5, 7, 'XL', 3, 'JNE', '2018-01-02', 390000),
(22, 5, 2, 'L', 2, 'SICEPAT', '2018-01-02', 270000),
(23, 7, 2, 'M', 1, 'SICEPAT', '2022-09-12', 135000),
(24, 8, 2, 'M', 1, 'SICEPAT', '2022-09-12', 135000),
(26, 8, 7, 'L', 2, 'JNE', '2022-09-12', 260000),
(27, 8, 1, 'M', 1, 'JNE', '2022-09-13', 145000),
(28, 8, 2, 'M', 3, 'JNE', '2022-09-13', 405000),
(29, 8, 2, 'M', 1, 'JNE', '2022-09-13', 135000),
(30, 9, 2, 'M', 1, 'KILAT', '2022-09-13', 135000),
(31, 10, 2, 'M', 2, 'SICEPAT', '2022-09-14', 270000),
(32, 8, 1, 'M', 4, 'JNE', '2022-09-14', 580000),
(33, 8, 2, 'L', 39, 'JNE', '2022-09-14', 5265000),
(34, 8, 1, 'M', 1, 'SICEPAT', '2022-09-14', 145000),
(35, 8, 1, 'M', 1, 'JNE', '2022-10-12', 145000),
(36, 8, 1, 'S', 1, 'POS', '2023-03-28', 145000),
(37, 1, 1, 'S', 2, 'POS', '2023-03-28', 290000),
(38, 8, 1, 'S', 1, 'POS', '2023-09-27', 145000);

-- --------------------------------------------------------

--
-- Table structure for table `tbl_users`
--

CREATE TABLE `tbl_users` (
  `id_user` int(100) NOT NULL,
  `nama_lengkap` varchar(30) NOT NULL,
  `email` varchar(30) NOT NULL,
  `username` varchar(6) NOT NULL,
  `password` varchar(6) NOT NULL,
  `alamat` varchar(50) NOT NULL,
  `no_hp` text NOT NULL,
  `title` varchar(10) NOT NULL
) ENGINE=InnoDB DEFAULT CHARSET=latin1;

--
-- Dumping data for table `tbl_users`
--

INSERT INTO `tbl_users` (`id_user`, `nama_lengkap`, `email`, `username`, `password`, `alamat`, `no_hp`, `title`) VALUES
(1, 'Ody M', 'Ody@gmail.com', 'ody', '1234', 'Karangasem', '082248080870', 'admin'),
(8, 'Agus', 'Agus@gmail.com', 'Agus', 'Agus', 'Denpasar', '083166788988', 'user'),
(9, 'Sera ', 'Sera@gmail.com', 'Sera', '1234', 'Tabanan', '083166788988', 'user'),
(10, 'Alif', 'Alif@gmaiul.com', 'Alif', '1234', 'Bali', '083166788988', 'user'),
(11, '1', 'sample@email.tst', 'mcpgiw', 'g00dPa', '1', '1', 'user'),
(12, '1', 'sample@email.tst', 'acpqaa', 'g00dPa', 'response.write(9612453*9370945)', '1', 'user'),
(13, '1', 'sample@email.tst', 'acpqaa', 'g00dPa', '\'+response.write(9612453*9370945)+\'', '1', 'user'),
(14, '1', 'sample@email.tst', 'acpqaa', 'g00dPa', '\"+response.write(9612453*9370945)+\"', '1', 'user'),
(15, '1', 'response.write(9095504*9716684', 'acpqaa', 'g00dPa', '1', '1', 'user'),
(16, '1', 'sample@email.tst', 'oupqua', 'g00dPa', '1', '1', 'user'),
(17, '1', 'sample@email.tst', 'oupqua', 'g00dPa', '1', '1', 'user'),
(18, '1', '\'+response.write(9095504*97166', 'acpqaa', 'g00dPa', '1', '1', 'user'),
(19, '1', 'sample@email.tst', 'oupqua', 'g00dPa', 'a3qRMqy4', '1', 'user'),
(20, '1', '\"+response.write(9095504*97166', 'acpqaa', 'g00dPa', '1', '1', 'user'),
(21, '1', 'sample@email.tst', 'oupqua', 'g00dPa', '-1 OR 2+793-793-1=0+0+0+1 -- ', '1', 'user'),
(22, 'response.write(9457210*9385831', 'sample@email.tst', 'acpqaa', 'g00dPa', '1', '1', 'user'),
(23, '1', 'sample@email.tst', 'oupqua', 'g00dPa', '-1 OR 2+575-575-1=0+0+0+1', '1', 'user'),
(24, '\'+response.write(9457210*93858', 'sample@email.tst', 'acpqaa', 'g00dPa', '1', '1', 'user'),
(25, '1', 'sample@email.tst', 'oupqua', 'g00dPa', '-1\' OR 2+762-762-1=0+0+0+1 -- ', '1', 'user'),
(26, '\"+response.write(9457210*93858', 'sample@email.tst', 'acpqaa', 'g00dPa', '1', '1', 'user'),
(27, '1', 'sample@email.tst', 'oupqua', 'g00dPa', '-1\' OR 2+213-213-1=0+0+0+1 or \'QNzh8tPb\'=\'', '1', 'user'),
(28, '1', 'sample@email.tst', 'acpqaa', 'g00dPa', '1', 'response.write(9186854*9661187)', 'user'),
(29, '1', 'sample@email.tst', 'oupqua', 'g00dPa', '-1\" OR 2+440-440-1=0+0+0+1 -- ', '1', 'user'),
(30, '1', 'sample@email.tst', 'oupqua', 'g00dPa', 'if(now()=sysdate(),sleep(6),0)/*\'XOR(if(now()=sysd', '1', 'user'),
(31, '1', 'sample@email.tst', 'acpqaa', 'g00dPa', '1', '\'+response.write(9186854*9661187)+\'', 'user'),
(32, '1', 'sample@email.tst', 'jerqll', 'g00dPa', 'set|set&set', '1', 'user'),
(33, '1', 'sample@email.tst', 'oupqua', 'g00dPa', '(select(0)from(select(sleep(6)))v)/*\'+(select(0)fr', '1', 'user'),
(34, '1', 'sample@email.tst', 'acpqaa', 'g00dPa', '1', '\"+response.write(9186854*9661187)+\"', 'user'),
(35, '1', 'sample@email.tst', 'jerqll', 'g00dPa', '$(nslookup XKodIKCh)', '1', 'user'),
(36, '1', 'sample@email.tst', 'oupqua', 'g00dPa', '-1; waitfor delay \'0:0:6\' -- ', '1', 'user'),
(37, '1', 'sample@email.tst', 'jerqll', 'g00dPa', '&nslookup aiHvB5JK&\'\\\"`0&nslookup aiHvB5JK&`\'', '1', 'user'),
(38, '1', 'sample@email.tst', 'acpqaa', 'respon', '1', '1', 'user'),
(39, '1', 'sample@email.tst', 'oupqua', 'g00dPa', '-1); waitfor delay \'0:0:2\' -- ', '1', 'user'),
(40, '1', 'set|set&set', 'jerqll', 'g00dPa', '1', '1', 'user'),
(41, '1', 'sample@email.tst', 'acpqaa', '\'+resp', '1', '1', 'user'),
(42, '1', 'sample@email.tst', 'oupqua', 'g00dPa', '1 waitfor delay \'0:0:2\' -- ', '1', 'user'),
(43, '1', '$(nslookup SvLEqT0X)', 'jerqll', 'g00dPa', '1', '1', 'user'),
(44, '1', 'sample@email.tst', 'acpqaa', '\"+resp', '1', '1', 'user'),
(45, '1', 'sample@email.tst', 'oupqua', 'g00dPa', '3K0vi5jV\'; waitfor delay \'0:0:2\' -- ', '1', 'user'),
(46, '1', '&nslookup rHSrFFZv&\'\\\"`0&nsloo', 'jerqll', 'g00dPa', '1', '1', 'user'),
(47, '1', 'sample@email.tst', 'oupqua', 'g00dPa', '-1;select pg_sleep(2); -- ', '1', 'user'),
(48, '1', 'sample@email.tst', 'respon', 'g00dPa', '1', '1', 'user'),
(49, '1', 'sample@email.tst', 'jcudty', 'g00dPa', 'r3Wsozzx', '1', 'user'),
(50, 'set|set&set', 'sample@email.tst', 'jerqll', 'g00dPa', '1', '1', 'user'),
(51, '1', 'F77xykNE', 'jcudty', 'g00dPa', '1', '1', 'user'),
(52, '1', 'sample@email.tst', '\'+resp', 'g00dPa', '1', '1', 'user'),
(53, '1', 'sample@email.tst', 'oupqua', 'g00dPa', '-1);select pg_sleep(2); -- ', '1', 'user'),
(54, '$(nslookup Du5jtMjC)', 'sample@email.tst', 'jerqll', 'g00dPa', '1', '1', 'user'),
(55, 'zuhnoqOI', 'sample@email.tst', 'jcudty', 'g00dPa', '1', '1', 'user'),
(56, '&nslookup zLlJz7O1&\'\\\"`0&nsloo', 'sample@email.tst', 'jerqll', 'g00dPa', '1', '1', 'user'),
(57, '1', 'sample@email.tst', '\"+resp', 'g00dPa', '1', '1', 'user'),
(58, '1', 'sample@email.tst', 'oupqua', 'g00dPa', '-1));select pg_sleep(2); -- ', '1', 'user'),
(59, '1', 'sample@email.tst', 'jerqll', 'g00dPa', '1', 'set|set&set', 'user'),
(60, '1', 'sample@email.tst', 'jcudty', 'g00dPa', '1', 'T5fkKrel', 'user'),
(61, '1', 'sample@email.tst', 'jerqll', 'g00dPa', '1', '$(nslookup ymvF9Xd2)', 'user'),
(62, '1', 'sample@email.tst', 'oupqua', 'g00dPa', 'aTfkcBty\';select pg_sleep(4); -- ', '1', 'user'),
(63, '1', 'sample@email.tst', 'xsdytt', 'g00dPa', '../../../../../../../../../../etc/passwd', '1', 'user'),
(64, '1', 'sample@email.tst', 'xsdytt', 'g00dPa', '../../../../../../../../../../../../../../../proc/', '1', 'user'),
(65, '1', 'sample@email.tst', 'jcudty', 'yp9UQu', '1', '1', 'user'),
(66, '1', 'sample@email.tst', 'oupqua', 'g00dPa', 'lLvHap0m\');select pg_sleep(4); -- ', '1', 'user'),
(67, '1', 'sample@email.tst', 'jerqll', 'g00dPa', '1', '&nslookup hmlsVhZ1&\'\\\"`0&nslookup hmlsVhZ1&`\'', 'user'),
(68, '1', 'sample@email.tst', 'xsdytt', 'g00dPa', '..%2F..%2F..%2F..%2F..%2F..%2F..%2F..%2F..%2F..%2F', '1', 'user'),
(69, '1', 'sample@email.tst', 't4o1K2', 'g00dPa', '1', '1', 'user'),
(70, '1', 'sample@email.tst', 'jerqll', 'set|se', '1', '1', 'user'),
(71, '1', 'sample@email.tst', 'oupqua', 'g00dPa', 'yGgFKsWY\'));select pg_sleep(4); -- ', '1', 'user'),
(72, '1', 'sample@email.tst', 'xsdytt', 'g00dPa', '../../../../../../../../../../etc/passwd\0.jpg', '1', 'user'),
(73, '1', 'sample@email.tst', 'jerqll', '$(nslo', '1', '1', 'user'),
(74, '1', 'sample@email.tst', 'yipyyj', 'g00dPa', '1', '1', 'user'),
(75, '1', 'sample@email.tst', 'jerqll', '&nsloo', '1', '1', 'user'),
(76, '1', 'sample@email.tst', 'xsdytt', 'g00dPa', '..%2F..%2F..%2F..%2F..%2F..%2F..%2F..%2F..%2F..%2F', '1', 'user'),
(77, '1', 'sample%40email.tst', 'oupqua', 'g00dPa', '1', '1', 'user'),
(78, '1', 'sample@email.tst', 'yipyyj', 'g00dPa', '', '1', 'user'),
(79, '1', 'sample@email.tst', 'xsdytt', 'g00dPa', '/../..//../..//../..//../..//../..//etc/passwd\0.jp', '1', 'user'),
(80, '1', 'sample%40email.tst', 'oupqua', 'g00dPa', '1', '1', 'user'),
(81, '1', 'sample@email.tst', 'set|se', 'g00dPa', '1', '1', 'user'),
(82, '1', 'sample@email.tst', 'xsdytt', 'g00dPa', '.\\\\./.\\\\./.\\\\./.\\\\./.\\\\./.\\\\./etc/passwd', '1', 'user'),
(83, '1', 'sample@email.tst', 'yipyyj', 'g00dPa', '12345\'\"\\\'\\\");|]*\0{\r\n<\0>?\'\'?', '1', 'user'),
(84, '1', 'YQjFTZH7', 'oupqua', 'g00dPa', '1', '1', 'user'),
(85, '1', 'sample@email.tst', 'xsdytt', 'g00dPa', '/etc/passwd', '1', 'user'),
(86, '1', 'sample@email.tst', '$(nslo', 'g00dPa', '1', '1', 'user'),
(87, '1', '-1 OR 2+358-358-1=0+0+0+1 -- ', 'oupqua', 'g00dPa', '1', '1', 'user'),
(88, '1', 'sample@email.tst', 'yipyyj', 'g00dPa', 'Array', '1', 'user'),
(89, '1', 'sample@email.tst', 'xsdytt', 'g00dPa', '%2fetc%2fpasswd', '1', 'user'),
(90, '1', 'sample@email.tst', '&nsloo', 'g00dPa', '1', '1', 'user'),
(91, '1', 'sample@email.tst', 'xsdytt', 'g00dPa', '/.././.././.././.././.././.././.././../etc/./passw', '1', 'user'),
(92, '1', '-1 OR 2+842-842-1=0+0+0+1', 'oupqua', 'g00dPa', '1', '1', 'user'),
(93, '1', 'sample@email.tst', 'gltcpm', 'g00dPa', '${9999587+9999568}', '1', 'user'),
(94, '1', '-1\' OR 2+699-699-1=0+0+0+1 -- ', 'oupqua', 'g00dPa', '1', '1', 'user'),
(95, '1', 'sample@email.tst', 'yipyyj', 'g00dPa', '1', '1', 'user'),
(96, '1', 'sample@email.tst', 'xsdytt', 'g00dPa', '../..//../..//../..//../..//../..//../..//../..//.', '1', 'user'),
(97, '1', '-1\' OR 2+133-133-1=0+0+0+1 or ', 'oupqua', 'g00dPa', '1', '1', 'user'),
(98, '1', 'sample@email.tst', 'xsdytt', 'g00dPa', '../.../.././../.../.././../.../.././../.../.././..', '1', 'user'),
(99, '1', 'sample@email.tst', 'xsdytt', 'g00dPa', '..??..??..??..??..??..??..??..??etc/passwd', '1', 'user'),
(100, '1', '${9999824+9999216}', 'gltcpm', 'g00dPa', '1', '1', 'user'),
(101, '1', '', 'yipyyj', 'g00dPa', '1', '1', 'user'),
(102, '1', '-1\" OR 2+322-322-1=0+0+0+1 -- ', 'oupqua', 'g00dPa', '1', '1', 'user'),
(103, '${9999935+9999608}', 'sample@email.tst', 'gltcpm', 'g00dPa', '1', '1', 'user'),
(104, '1', 'sample@email.tst', 'xsdytt', 'g00dPa', 'invalid../../../../../../../../../../etc/passwd/./', '1', 'user'),
(105, '1', '12345\'\"\\\'\\\");|]*\0{\r\n<\0>?\'\'?', 'yipyyj', 'g00dPa', '1', '1', 'user'),
(106, '1', 'if(now()=sysdate(),sleep(4),0)', 'oupqua', 'g00dPa', '1', '1', 'user'),
(107, '1', 'sample@email.tst', 'xsdytt', 'g00dPa', 'file:///etc/passwd', '1', 'user'),
(108, '1', 'Array', 'yipyyj', 'g00dPa', '1', '1', 'user'),
(109, '1', 'sample@email.tst', 'gltcpm', 'g00dPa', '1', '${9999908+9999816}', 'user'),
(110, '1', 'sample@email.tst', 'xsdytt', 'g00dPa', '/\\../\\../\\../\\../\\../\\../\\../etc/passwd', '1', 'user'),
(111, '1', 'sample@email.tst', 'xsdytt', 'g00dPa', 'WEB-INF/web.xml', '1', 'user'),
(112, '1', '(select(0)from(select(sleep(4)', 'oupqua', 'g00dPa', '1', '1', 'user'),
(113, '1', 'sample@email.tst', 'gltcpm', '${9999', '1', '1', 'user'),
(114, '1', 'sample@email.tst', 'xsdytt', 'g00dPa', '/WEB-INF/web.xml', '1', 'user'),
(115, '1', '1 waitfor delay \'0:0:4\' -- ', 'oupqua', 'g00dPa', '1', '1', 'user'),
(116, '1', 'sample@email.tst', '${9999', 'g00dPa', '1', '1', 'user'),
(117, '1', 'sample@email.tst', 'yipyyj', 'g00dPa', '1', '1', 'user'),
(118, '1', 'sample@email.tst', 'xtagmx', 'g00dPa', 'http://some-inexistent-website.acu/some_inexistent', '1', 'user'),
(119, '1', 'jNl3eJra\'; waitfor delay \'0:0:', 'oupqua', 'g00dPa', '1', '1', 'user'),
(120, '1', 'sample@email.tst', 'xsdytt', 'g00dPa', 'WEB-INF\\web.xml', '1', 'user'),
(121, '1', 'sample@email.tst', 'xtagmx', 'g00dPa', '1some_inexistent_file_with_long_name\0.jpg', '1', 'user'),
(122, '1', 'FR2ENg2w\';select pg_sleep(6); ', 'oupqua', 'g00dPa', '1', '1', 'user'),
(123, '1', 'sample@email.tst', 'ggcrbw', 'ZzVsdF', '1', '1', 'user'),
(124, '', 'sample@email.tst', 'yipyyj', 'g00dPa', '1', '1', 'user'),
(125, '1', 'sample@email.tst', 'xsdytt', 'g00dPa', '../../../../../../../../../../windows/win.ini', '1', 'user'),
(126, '1', 'V32CX1yc\');select pg_sleep(6);', 'oupqua', 'g00dPa', '1', '1', 'user'),
(127, '1', 'sample@email.tst', 'xtagmx', 'g00dPa', 'Http://testasp.vulnweb.com/t/fit.txt', '1', 'user'),
(128, '1', 'sample@email.tst', 'xsdytt', 'g00dPa', '../../../../../../../../../../boot.ini', '1', 'user'),
(129, '1', '9JJLW5B4\'));select pg_sleep(6)', 'oupqua', 'g00dPa', '1', '1', 'user'),
(130, '1', 'sample@email.tst', 'TUNZQ3', 'g00dPa', '1', '1', 'user'),
(131, '12345\'\"\\\'\\\");|]*\0{\r\n<\0>?\'\'?', 'sample@email.tst', 'yipyyj', 'g00dPa', '1', '1', 'user'),
(132, '1', 'sample@email.tst', 'xtagmx', 'g00dPa', 'http://testasp.vulnweb.com/t/fit.txt?.jpg', '1', 'user'),
(133, '1', 'sample@email.tst', 'xsdytt', 'g00dPa', '../../../../../../../../../../windows/win.ini\0.jpg', '1', 'user'),
(134, '1', 'sample@email.tst', 'oupqua', 'g00dPa', '1', '1', 'user'),
(135, 'Array', 'sample@email.tst', 'yipyyj', 'g00dPa', '1', '1', 'user'),
(136, '1', 'uEEefUte@localhost', 'mcpgiw', 'ZlLgNN', '1', '1', 'user'),
(137, '1', 'uEEefUte@localhost', 'mcpgiw', 'Y3Yrwo', '1', '1', 'user'),
(138, '1', 'sample@email.tst', 'xtagmx', 'g00dPa', 'testasp.vulnweb.com', '1', 'user'),
(139, '1', 'sample@email.tst', 'oupqua', 'g00dPa', '1', '1', 'user'),
(140, '1', 'sample@email.tst', 'xsdytt', 'g00dPa', '????????????????????????????????????????????????wi', '1', 'user'),
(141, '1', 'sample@email.tst', 'stbcyp', 'g00dPa', '1&n952581=v914669', '1', 'user'),
(142, '1', 'sample@email.tst', 'yipyyj', 'g00dPa', '1', '1', 'user'),
(143, 'h4rdIENk', 'sample@email.tst', 'oupqua', 'g00dPa', '1', '1', 'user'),
(144, '-1 OR 2+809-809-1=0+0+0+1 -- ', 'sample@email.tst', 'oupqua', 'g00dPa', '1', '1', 'user'),
(145, '1', 'sample@email.tst&n991080=v9209', 'kufrlx', 'g00dPa', '1', '1', 'user'),
(146, '1', 'uEEefUte@localhost', 'mcpgiw', 'HIRVpH', '1', '1', 'user'),
(147, '1', 'http://some-inexistent-website', 'xtagmx', 'g00dPa', '1', '1', 'user'),
(148, '1', 'sample@email.tst', 'xsdytt', 'g00dPa', '................windowswin.ini', '1', 'user'),
(149, '-1 OR 2+726-726-1=0+0+0+1', 'sample@email.tst', 'oupqua', 'g00dPa', '1', '1', 'user'),
(150, '1', '1some_inexistent_file_with_lon', 'xtagmx', 'g00dPa', '1', '1', 'user'),
(151, '1', 'sample@email.tst', 'yipyyj', 'g00dPa', '1', '', 'user'),
(152, '-1\' OR 2+277-277-1=0+0+0+1 -- ', 'sample@email.tst', 'oupqua', 'g00dPa', '1', '1', 'user'),
(153, '1&n976254=v983736', 'sample@email.tst', 'gnbqqf', 'g00dPa', '1', '1', 'user'),
(154, '1', 'uEEefUte@localhost', 'mcpgiw', 'yKl5KT', '1', '1', 'user'),
(155, '-1\' OR 2+875-875-1=0+0+0+1 or ', 'sample@email.tst', 'oupqua', 'g00dPa', '1', '1', 'user'),
(156, '1', 'Http://testasp.vulnweb.com/t/f', 'xtagmx', 'g00dPa', '1', '1', 'user'),
(157, '1', 'sample@email.tst', 'cuthqp', 'g00dPa', '1', '1&n901587=v901934', 'user'),
(158, '1', 'sample@email.tst', 'wrmbky', 'g00dPa', '1', '1', 'user'),
(159, '1', 'sample@email.tst', 'xsdytt', 'g00dPa', '..\\..\\..\\..\\..\\..\\..\\..\\windows\\win.ini', '1', 'user'),
(160, '1', 'sample@email.tst', 'yipyyj', 'g00dPa', '1', '12345\'\"\\\'\\\");|]*\0{\r\n<\0>?\'\'?', 'user'),
(161, '1', 'sample@email.tst', 'esfmjb', 'g00dPa', '1', '1', 'user'),
(162, '1', 'uEEefUte@localhost', 'mcpgiw', 'gSbPXh', '1', '1', 'user'),
(163, '-1\" OR 2+209-209-1=0+0+0+1 -- ', 'sample@email.tst', 'oupqua', 'g00dPa', '1', '1', 'user'),
(164, '1', 'http://testasp.vulnweb.com/t/f', 'xtagmx', 'g00dPa', '1', '1', 'user'),
(165, '1', 'sample@email.tst', 'yipyyj', 'g00dPa', '1', 'Array', 'user'),
(166, '1', 'uEEefUte@localhost', 'mcpgiw', 'aIG7CA', '1', '1', 'user'),
(167, '1', 'sample@email.tst', 'xsdytt', 'g00dPa', '/.\\\\./.\\\\./.\\\\./.\\\\./.\\\\./.\\\\./windows/win.ini', '1', 'user'),
(168, '1', 'testasp.vulnweb.com', 'xtagmx', 'g00dPa', '1', '1', 'user'),
(169, 'if(now()=sysdate(),sleep(6),0)', 'sample@email.tst', 'oupqua', 'g00dPa', '1', '1', 'user'),
(170, '1', 'sample@email.tst', 'eeoomj', 'g00dPa', ')', '1', 'user'),
(171, 'http://some-inexistent-website', 'sample@email.tst', 'xtagmx', 'g00dPa', '1', '1', 'user'),
(172, '1', 'uEEefUte@localhost', 'mcpgiw', 'sTbCiP', '1', '1', 'user'),
(173, '1', 'sample@email.tst', 'yipyyj', 'g00dPa', '1', '1', 'user'),
(174, '1', 'sample@email.tst', 'xsdytt', 'g00dPa', '../..//../..//../..//../..//../..//../..//../..//.', '1', 'user'),
(175, '1', 'sample@email.tst', 'eeoomj', 'g00dPa', '!(()&&!|*|*|', '1', 'user'),
(176, '(select(0)from(select(sleep(6)', 'sample@email.tst', 'oupqua', 'g00dPa', '1', '1', 'user'),
(177, '1some_inexistent_file_with_lon', 'sample@email.tst', 'xtagmx', 'g00dPa', '1', '1', 'user'),
(178, '1', 'uEEefUte@localhost', 'mcpgiw', 'sOT03i', '1', '1', 'user'),
(179, '1', 'sample@email.tst', 'xsdytt', 'g00dPa', '../.../.././../.../.././../.../.././../.../.././..', '1', 'user'),
(180, '-1; waitfor delay \'0:0:2\' -- ', 'sample@email.tst', 'oupqua', 'g00dPa', '1', '1', 'user'),
(181, '1', 'sample@email.tst', 'eeoomj', 'g00dPa', '^(#$!@#$)(()))******', '1', 'user'),
(182, '1', 'uEEefUte@localhost', 'mcpgiw', 'tshyXz', '1', '1', 'user'),
(183, '1', 'sample@email.tst', 'xsdytt', 'g00dPa', 'unexisting/../../../../../../../../../../windows/w', '1', 'user'),
(184, '-1); waitfor delay \'0:0:2\' -- ', 'sample@email.tst', 'oupqua', 'g00dPa', '1', '1', 'user'),
(185, '1 waitfor delay \'0:0:2\' -- ', 'sample@email.tst', 'oupqua', 'g00dPa', '1', '1', 'user'),
(186, '1', 'sample@email.tst', 'yipyyj', '', '1', '1', 'user'),
(187, '1', ')', 'eeoomj', 'g00dPa', '1', '1', 'user'),
(188, 'Http://testasp.vulnweb.com/t/f', 'sample@email.tst', 'xtagmx', 'g00dPa', '1', '1', 'user'),
(189, '1', 'uEEefUte@localhost', 'mcpgiw', 'IFAwQW', '1', '1', 'user'),
(190, '1', 'sample@email.tst', 'xsdytt', 'g00dPa', 'WEB-INF/web.xml', '1', 'user'),
(191, '1', 'sample@email.tst', 'yipyyj', '12345\'', '1', '1', 'user'),
(192, 'aN8VXmxa\'; waitfor delay \'0:0:', 'sample@email.tst', 'oupqua', 'g00dPa', '1', '1', 'user'),
(193, '1', 'uEEefUte@localhost', 'mcpgiw', 'm3NyVI', '1', '1', 'user'),
(194, '-1;select pg_sleep(2); -- ', 'sample@email.tst', 'oupqua', 'g00dPa', '1', '1', 'user'),
(195, '1', 'sample@email.tst', 'xsdytt', 'g00dPa', 'WEB-INF\\web.xml', '1', 'user'),
(196, '1', '!(()&&!|*|*|', 'eeoomj', 'g00dPa', '1', '1', 'user'),
(197, '1', '../../../../../../../../../../', 'xsdytt', 'g00dPa', '1', '1', 'user'),
(198, '1', 'admin@localhost', 'mcpgiw', 'AfXNtp', '1', '1', 'user'),
(199, '-1);select pg_sleep(2); -- ', 'sample@email.tst', 'oupqua', 'g00dPa', '1', '1', 'user'),
(200, '1', 'sample@email.tst', 'yipyyj', 'Array', '1', '1', 'user'),
(201, 'http://testasp.vulnweb.com/t/f', 'sample@email.tst', 'xtagmx', 'g00dPa', '1', '1', 'user'),
(202, '1', '../../../../../../../../../../', 'xsdytt', 'g00dPa', '1', '1', 'user'),
(203, '1', 'admin@localhost', 'mcpgiw', '1', '1', '1', 'user'),
(204, 'testasp.vulnweb.com', 'sample@email.tst', 'xtagmx', 'g00dPa', '1', '1', 'user'),
(205, '1', '^(#$!@#$)(()))******', 'eeoomj', 'g00dPa', '1', '1', 'user'),
(206, '-1));select pg_sleep(4); -- ', 'sample@email.tst', 'oupqua', 'g00dPa', '1', '1', 'user'),
(207, '1', 'sample@email.tst', 'xtagmx', 'g00dPa', '1', 'http://some-inexistent-website.acu/some_inexistent_file_with_long_name?.jpg', 'user'),
(208, '1', 'admin@localhost', 'mcpgiw', '000000', '1', '1', 'user'),
(209, '1', 'sample@email.tst', 'yipyyj', 'g00dPa', '1', '1', 'user'),
(210, '1', '..%2F..%2F..%2F..%2F..%2F..%2F', 'xsdytt', 'g00dPa', '1', '1', 'user'),
(211, ')', 'sample@email.tst', 'eeoomj', 'g00dPa', '1', '1', 'user'),
(212, '1', 'sample@email.tst', '', 'g00dPa', '1', '1', 'user'),
(213, 'sw4ZjSsQ\';select pg_sleep(4); ', 'sample@email.tst', 'oupqua', 'g00dPa', '1', '1', 'user'),
(214, '1', 'admin@localhost', 'mcpgiw', '000000', '1', '1', 'user'),
(215, '1', 'sample@email.tst', 'xtagmx', 'g00dPa', '1', '1some_inexistent_file_with_long_name\0.jpg', 'user'),
(216, '1', 'sample@email.tst', '12345\'', 'g00dPa', '1', '1', 'user'),
(217, 'eWXTcytj\');select pg_sleep(4);', 'sample@email.tst', 'oupqua', 'g00dPa', '1', '1', 'user'),
(218, '1', '../../../../../../../../../../', 'xsdytt', 'g00dPa', '1', '1', 'user'),
(219, '!(()&&!|*|*|', 'sample@email.tst', 'eeoomj', 'g00dPa', '1', '1', 'user'),
(220, '1', 'sample@email.tst', 'xtagmx', 'g00dPa', '1', 'Http://testasp.vulnweb.com/t/fit.txt', 'user'),
(221, '1', 'sample@email.tst', 'Array', 'g00dPa', '1', '1', 'user'),
(222, '0swQX1x9\'));select pg_sleep(4)', 'sample@email.tst', 'oupqua', 'g00dPa', '1', '1', 'user'),
(223, '1', 'admin@localhost', 'mcpgiw', '000099', '1', '1', 'user'),
(224, '1', '..%2F..%2F..%2F..%2F..%2F..%2F', 'xsdytt', 'g00dPa', '1', '1', 'user'),
(225, '1', 'sample@email.tst', 'xtagmx', 'g00dPa', '1', 'http://testasp.vulnweb.com/t/fit.txt?.jpg', 'user'),
(226, '1', 'admin@localhost', 'mcpgiw', '1111', '1', '1', 'user'),
(227, '1', 'sample@email.tst', 'oupqua', 'g00dPa', '1', '1', 'user'),
(228, '^(#$!@#$)(()))******', 'sample@email.tst', 'eeoomj', 'g00dPa', '1', '1', 'user'),
(229, '1', 'sample@email.tst', 'xtagmx', 'g00dPa', '1', 'testasp.vulnweb.com', 'user'),
(230, '1', 'admin@localhost', 'mcpgiw', '111111', '1', '1', 'user'),
(231, '1', '/../..//../..//../..//../..//.', 'xsdytt', 'g00dPa', '1', '1', 'user'),
(232, '1', 'sample@email.tst', 'oupqua', 'g00dPa', '1', '1', 'user'),
(233, '1', 'admin@localhost', 'mcpgiw', '111111', '1', '1', 'user'),
(234, '1', 'sample@email.tst', 'eeoomj', 'g00dPa', '1', ')', 'user'),
(235, '1', 'sample@email.tst', 'oupqua', 'g00dPa', '1', '8GBGLVp8', 'user'),
(236, '1', 'sample@email.tst', 'xtagmx', 'http:/', '1', '1', 'user'),
(237, '1', '.\\\\./.\\\\./.\\\\./.\\\\./.\\\\./.\\\\./', 'xsdytt', 'g00dPa', '1', '1', 'user'),
(238, '1', 'admin@localhost', 'mcpgiw', '111111', '1', '1', 'user'),
(239, '1', 'sample@email.tst', 'oupqua', 'g00dPa', '1', '-1 OR 2+987-987-1=0+0+0+1 -- ', 'user'),
(240, '1', 'sample@email.tst', 'xtagmx', '1some_', '1', '1', 'user'),
(241, '1', 'sample@email.tst', 'eeoomj', 'g00dPa', '1', '!(()&&!|*|*|', 'user'),
(242, '1', '/etc/passwd', 'xsdytt', 'g00dPa', '1', '1', 'user'),
(243, '1', 'sample@email.tst', 'oupqua', 'g00dPa', '1', '-1 OR 2+286-286-1=0+0+0+1', 'user'),
(244, '1', 'admin@localhost', 'mcpgiw', '121212', '1', '1', 'user'),
(245, '1', 'sample@email.tst', 'xtagmx', 'Http:/', '1', '1', 'user'),
(246, '1', 'sample@email.tst', 'oupqua', 'g00dPa', '1', '-1\' OR 2+894-894-1=0+0+0+1 -- ', 'user'),
(247, '1', 'admin@localhost', 'mcpgiw', '112233', '1', '1', 'user'),
(248, '1', 'sample@email.tst', 'eeoomj', 'g00dPa', '1', '^(#$!@#$)(()))******', 'user'),
(249, '1', 'sample@email.tst', 'oupqua', 'g00dPa', '1', '-1\' OR 2+609-609-1=0+0+0+1 or \'OE11yLcI\'=\'', 'user'),
(250, '1', '%2fetc%2fpasswd', 'xsdytt', 'g00dPa', '1', '1', 'user'),
(251, '1', 'sample@email.tst', 'eeoomj', ')', '1', '1', 'user'),
(252, '1', 'sample@email.tst', 'xtagmx', 'http:/', '1', '1', 'user'),
(253, '1', 'admin@localhost', 'mcpgiw', '123123', '1', '1', 'user'),
(254, '1', '/.././.././.././.././.././../.', 'xsdytt', 'g00dPa', '1', '1', 'user'),
(255, '1', 'sample@email.tst', 'xtagmx', 'testas', '1', '1', 'user'),
(256, '1', 'admin@localhost', 'mcpgiw', '12345a', '1', '1', 'user'),
(257, '1', '../..//../..//../..//../..//..', 'xsdytt', 'g00dPa', '1', '1', 'user'),
(258, '1', 'sample@email.tst', 'eeoomj', '!(()&&', '1', '1', 'user'),
(259, '1', 'sample@email.tst', 'http:/', 'g00dPa', '1', '1', 'user'),
(260, '1', 'admin@localhost', 'mcpgiw', '12qwas', '1', '1', 'user'),
(261, '1', 'sample@email.tst', 'oupqua', 'g00dPa', '1', '-1\" OR 2+303-303-1=0+0+0+1 -- ', 'user'),
(262, '1', '../.../.././../.../.././../...', 'xsdytt', 'g00dPa', '1', '1', 'user'),
(263, '1', 'sample@email.tst', 'eeoomj', '^(#$!@', '1', '1', 'user'),
(264, '1', 'sample@email.tst', 'oupqua', 'g00dPa', '1', 'if(now()=sysdate(),sleep(4),0)/*\'XOR(if(now()=sysdate(),sleep(4),0))OR\'\"XOR(if(now()=sysdate(),sleep(4),0))OR\"*/', 'user'),
(265, '1', 'sample@email.tst', '1some_', 'g00dPa', '1', '1', 'user'),
(266, '1', 'sample@email.tst', 'oupqua', 'g00dPa', '1', '(select(0)from(select(sleep(4)))v)/*\'+(select(0)from(select(sleep(4)))v)+\'\"+(select(0)from(select(sleep(4)))v)+\"*/', 'user'),
(267, '1', '..??..??..??..??..??..??..??..', 'xsdytt', 'g00dPa', '1', '1', 'user'),
(268, '1', 'admin@localhost', 'mcpgiw', '123qwe', '1', '1', 'user'),
(269, '1', 'sample@email.tst', ')', 'g00dPa', '1', '1', 'user'),
(270, '1', 'sample@email.tst', 'oupqua', 'g00dPa', '1', '-1; waitfor delay \'0:0:6\' -- ', 'user'),
(271, '1', 'sample@email.tst', 'Http:/', 'g00dPa', '1', '1', 'user'),
(272, '1', 'invalid../../../../../../../..', 'xsdytt', 'g00dPa', '1', '1', 'user'),
(273, '1', 'file:///etc/passwd', 'xsdytt', 'g00dPa', '1', '1', 'user'),
(274, '1', 'sample@email.tst', 'http:/', 'g00dPa', '1', '1', 'user'),
(275, '1', 'sample@email.tst', '!(()&&', 'g00dPa', '1', '1', 'user'),
(276, '1', 'admin@localhost', 'mcpgiw', '1q2w3e', '1', '1', 'user'),
(277, '1', 'sample@email.tst', '^(#$!@', 'g00dPa', '1', '1', 'user'),
(278, '1', '/\\../\\../\\../\\../\\../\\../\\../e', 'xsdytt', 'g00dPa', '1', '1', 'user'),
(279, '1', 'sample@email.tst', 'oupqua', 'g00dPa', '1', '-1); waitfor delay \'0:0:6\' -- ', 'user'),
(280, '1', 'admin@localhost', 'mcpgiw', 'AAAAAA', '1', '1', 'user'),
(281, '1', 'sample@email.tst', 'testas', 'g00dPa', '1', '1', 'user'),
(282, '1', 'admin@localhost', 'mcpgiw', '1q2w3e', '1', '1', 'user'),
(283, '1', 'WEB-INF/web.xml', 'xsdytt', 'g00dPa', '1', '1', 'user'),
(284, '1', 'sample@email.tst', 'jpdrok', 'g00dPa', 'Array', '1', 'user'),
(285, '1', 'sample@email.tst', 'yifehj', 'g00dPa', ';print(md5(acunetix_wvs_security_test));', '1', 'user'),
(286, '1', 'admin@localhost', 'mcpgiw', '123', '1', '1', 'user'),
(287, '1', 'sample@email.tst', 'oupqua', 'g00dPa', '1', '1 waitfor delay \'0:0:6\' -- ', 'user'),
(288, '1', '/WEB-INF/web.xml', 'xsdytt', 'g00dPa', '1', '1', 'user'),
(289, '1', 'sample@email.tst', 'riejur', 'g00dPa', 'http://testasp.vulnweb.com/t/xss.html?%00.jpg', '1', 'user'),
(290, '1', 'sample@email.tst', 'jpdrok', 'g00dPa', '\'\"()', '1', 'user'),
(291, '1', 'sample@email.tst', 'yifehj', 'g00dPa', '\';print(md5(acunetix_wvs_security_test));$a=\'', '1', 'user'),
(292, '1', 'WEB-INF\\web.xml', 'xsdytt', 'g00dPa', '1', '1', 'user'),
(293, '1', 'Array', 'jpdrok', 'g00dPa', '1', '1', 'user'),
(294, '1', 'sample@email.tst', 'oupqua', 'g00dPa', '1', 'Rbw6YS1k\'; waitfor delay \'0:0:6\' -- ', 'user'),
(295, '1', 'http://testasp.vulnweb.com/t/x', 'riejur', 'g00dPa', '1', '1', 'user'),
(296, '1', 'sample@email.tst', 'yifehj', 'g00dPa', '\";print(md5(acunetix_wvs_security_test));$a=\"', '1', 'user'),
(297, 'http://testasp.vulnweb.com/t/x', 'sample@email.tst', 'riejur', 'g00dPa', '1', '1', 'user'),
(298, '1', 'sample@email.tst', 'oupqua', 'g00dPa', '1', '-1;select pg_sleep(6); -- ', 'user'),
(299, '1', '\'\"()', 'jpdrok', 'g00dPa', '1', '1', 'user'),
(300, '1', 'admin@localhost', 'mcpgiw', '1234', '1', '1', 'user'),
(301, '1', '../../../../../../../../../../', 'xsdytt', 'g00dPa', '1', '1', 'user'),
(302, '1', 'sample@email.tst', 'riejur', 'g00dPa', '1', 'http://testasp.vulnweb.com/t/xss.html?%00.jpg', 'user'),
(303, '1', 'admin@localhost', 'mcpgiw', '12345', '1', '1', 'user'),
(304, '1', 'sample@email.tst', 'yifehj', 'g00dPa', '${@print(md5(acunetix_wvs_security_test))}', '1', 'user'),
(305, 'Array', 'sample@email.tst', 'jpdrok', 'g00dPa', '1', '1', 'user'),
(306, '1', 'sample@email.tst', 'oupqua', 'g00dPa', '1', '-1);select pg_sleep(6); -- ', 'user'),
(307, '1', 'sample@email.tst', 'riejur', 'http:/', '1', '1', 'user'),
(308, '1', '../../../../../../../../../../', 'xsdytt', 'g00dPa', '1', '1', 'user'),
(309, '1', 'admin@localhost', 'mcpgiw', '123456', '1', '1', 'user'),
(310, '1', 'sample@email.tst', 'yifehj', 'g00dPa', '${@print(md5(acunetix_wvs_security_test))}\\', '1', 'user'),
(311, '1', 'sample@email.tst', 'oupqua', 'g00dPa', '1', '-1));select pg_sleep(2); -- ', 'user'),
(312, '\'\"()', 'sample@email.tst', 'jpdrok', 'g00dPa', '1', '1', 'user'),
(313, '1', 'sample@email.tst', 'http:/', 'g00dPa', '1', '1', 'user'),
(314, '1', '../../../../../../../../../../', 'xsdytt', 'g00dPa', '1', '1', 'user'),
(315, '1', 'sample@email.tst', 'jpdrok', 'g00dPa', '1', 'Array', 'user'),
(316, '1', 'sample@email.tst', 'oupqua', 'g00dPa', '1', 'd2t0kDPO\';select pg_sleep(2); -- ', 'user'),
(317, '1', '??????????????????????????????', 'xsdytt', 'g00dPa', '1', '1', 'user'),
(318, '1', ';print(md5(acunetix_wvs_securi', 'yifehj', 'g00dPa', '1', '1', 'user'),
(319, '1', '................windowswin.ini', 'xsdytt', 'g00dPa', '1', '1', 'user'),
(320, '1', 'admin@localhost', 'mcpgiw', '123456', '1', '1', 'user'),
(321, '1', '..\\..\\..\\..\\..\\..\\..\\..\\window', 'xsdytt', 'g00dPa', '1', '1', 'user'),
(322, '1', 'sample@email.tst', 'jpdrok', 'g00dPa', '1', '\'\"()', 'user'),
(323, '1', 'sample@email.tst', 'oupqua', 'g00dPa', '1', 'N6GbGQG6\');select pg_sleep(2); -- ', 'user'),
(324, '1', '\';print(md5(acunetix_wvs_secur', 'yifehj', 'g00dPa', '1', '1', 'user'),
(325, '1', 'admin@localhost', 'mcpgiw', '123456', '1', '1', 'user'),
(326, '1', 'sample@email.tst', 'ujhfgx', 'g00dPa', '1', '1', 'user'),
(327, '1', 'sample@email.tst', 'jpdrok', 'Array', '1', '1', 'user'),
(328, '1', 'admin@localhost', 'mcpgiw', '123456', '1', '1', 'user'),
(329, '1', '/.\\\\./.\\\\./.\\\\./.\\\\./.\\\\./.\\\\.', 'xsdytt', 'g00dPa', '1', '1', 'user'),
(330, '1', 'sample@email.tst', 'oupqua', 'g00dPa', '1', 'uZWf3ZQM\'));select pg_sleep(2); -- ', 'user'),
(331, '1', '\";print(md5(acunetix_wvs_secur', 'yifehj', 'g00dPa', '1', '1', 'user'),
(332, '1', 'sample@email.tst', 'ujhfgx', 'g00dPa', 'daftar.php', '1', 'user'),
(333, '1', '../..//../..//../..//../..//..', 'xsdytt', 'g00dPa', '1', '1', 'user'),
(334, '1', 'sample@email.tst', 'oupqua', 'g00dPa', '1', '1', 'user'),
(335, '1', 'sample@email.tst', 'jpdrok', '\'\"()', '1', '1', 'user'),
(336, '1', 'admin@localhost', 'mcpgiw', '666666', '1', '1', 'user'),
(337, '1', 'sample@email.tst', 'ujhfgx', 'g00dPa', 'daftar.php\0', '1', 'user'),
(338, '1', '${@print(md5(acunetix_wvs_secu', 'yifehj', 'g00dPa', '1', '1', 'user'),
(339, '1', 'sample@email.tst', 'Array', 'g00dPa', '1', '1', 'user'),
(340, '1', 'sample@email.tst', 'oupqua', 'g00dPa', '1', '1', 'user'),
(341, '1', '../.../.././../.../.././../...', 'xsdytt', 'g00dPa', '1', '1', 'user'),
(342, '1', '${@print(md5(acunetix_wvs_secu', 'yifehj', 'g00dPa', '1', '1', 'user'),
(343, '1', 'admin@localhost', 'mcpgiw', '777777', '1', '1', 'user'),
(344, '1', 'sample@email.tst', 'ujhfgx', 'g00dPa', 'daftar.php/.', '1', 'user'),
(345, '1', 'sample@email.tst', '\'\"()', 'g00dPa', '1', '1', 'user'),
(346, '1', 'unexisting/../../../../../../.', 'xsdytt', 'g00dPa', '1', '1', 'user'),
(347, '1', 'sample@email.tst', 'oupqua', 'DxTtfL', '1', '1', 'user'),
(348, '1', 'sample%40email.tst', 'ujhfgx', 'g00dPa', '1', '1', 'user'),
(349, '1', 'admin@localhost', 'mcpgiw', '888888', '1', '1', 'user'),
(350, ';print(md5(acunetix_wvs_securi', 'sample@email.tst', 'yifehj', 'g00dPa', '1', '1', 'user'),
(351, '1', 'sample@email.tst', 'mtjhqv', 'g00dPa', 'http://hitbYGoOjDODO.bxss.me/', '1', 'user'),
(352, '1', 'sample@email.tst', 'oupqua', '-1 OR ', '1', '1', 'user'),
(353, '1', 'WEB-INF/web.xml', 'xsdytt', 'g00dPa', '1', '1', 'user'),
(354, '\';print(md5(acunetix_wvs_secur', 'sample@email.tst', 'yifehj', 'g00dPa', '1', '1', 'user'),
(355, '1', 'admin@localhost', 'mcpgiw', '888888', '1', '1', 'user'),
(356, '1', 'sample@email.tst', 'oupqua', '-1 OR ', '1', '1', 'user'),
(357, '1', 'daftar.php', 'ujhfgx', 'g00dPa', '1', '1', 'user'),
(358, '1', 'WEB-INF\\web.xml', 'xsdytt', 'g00dPa', '1', '1', 'user'),
(359, '\";print(md5(acunetix_wvs_secur', 'sample@email.tst', 'yifehj', 'g00dPa', '1', '1', 'user'),
(360, '1', 'admin@localhost', 'mcpgiw', '555555', '1', '1', 'user'),
(361, '${@print(md5(acunetix_wvs_secu', 'sample@email.tst', 'yifehj', 'g00dPa', '1', '1', 'user'),
(362, '1', 'admin@localhost', 'mcpgiw', '654321', '1', '1', 'user'),
(363, '1', 'daftar.php\0', 'ujhfgx', 'g00dPa', '1', '1', 'user'),
(364, '1', 'sample@email.tst', 'oupqua', '-1\' OR', '1', '1', 'user'),
(365, '../../../../../../../../../../', 'sample@email.tst', 'xsdytt', 'g00dPa', '1', '1', 'user'),
(366, '${@print(md5(acunetix_wvs_secu', 'sample@email.tst', 'yifehj', 'g00dPa', '1', '1', 'user'),
(367, '1', 'daftar.php/.', 'ujhfgx', 'g00dPa', '1', '1', 'user'),
(368, '1', 'sample@email.tst', 'oupqua', '-1\' OR', '1', '1', 'user'),
(369, '1', 'admin@localhost', 'mcpgiw', 'abc123', '1', '1', 'user'),
(370, '../../../../../../../../../../', 'sample@email.tst', 'xsdytt', 'g00dPa', '1', '1', 'user'),
(371, '1', 'sample@email.tst', 'yifehj', 'g00dPa', '1', ';print(md5(acunetix_wvs_security_test));', 'user'),
(372, '..%2F..%2F..%2F..%2F..%2F..%2F', 'sample@email.tst', 'xsdytt', 'g00dPa', '1', '1', 'user'),
(373, '1', 'admin@localhost', 'mcpgiw', 'admin', '1', '1', 'user'),
(374, '1', 'sample@email.tst', 'ujhfgx', 'g00dPa', '1', '1', 'user'),
(375, '1', 'sample@email.tst', 'oupqua', '-1\" OR', '1', '1', 'user'),
(376, '1', 'sample@email.tst', 'yifehj', 'g00dPa', '1', '\';print(md5(acunetix_wvs_security_test));$a=\'', 'user'),
(377, '1', 'sample@email.tst', 'oupqua', 'if(now', '1', '1', 'user'),
(378, '1', 'admin@localhost', 'mcpgiw', '4dm1n', '1', '1', 'user'),
(379, '1', 'sample@email.tst', 'yifehj', 'g00dPa', '1', '\";print(md5(acunetix_wvs_security_test));$a=\"', 'user'),
(380, 'daftar.php', 'sample@email.tst', 'ujhfgx', 'g00dPa', '1', '1', 'user'),
(381, '../../../../../../../../../../', 'sample@email.tst', 'xsdytt', 'g00dPa', '1', '1', 'user'),
(382, '1', 'sample@email.tst', 'oupqua', '(selec', '1', '1', 'user'),
(383, '1', 'admin@localhost', 'mcpgiw', 'adm1n', '1', '1', 'user'),
(384, '1', 'sample@email.tst', 'yifehj', 'g00dPa', '1', '${@print(md5(acunetix_wvs_security_test))}', 'user'),
(385, 'daftar.php\0', 'sample@email.tst', 'ujhfgx', 'g00dPa', '1', '1', 'user'),
(386, '..%2F..%2F..%2F..%2F..%2F..%2F', 'sample@email.tst', 'xsdytt', 'g00dPa', '1', '1', 'user'),
(387, '1', 'sample@email.tst', 'oupqua', '1 wait', '1', '1', 'user'),
(388, '1', 'admin@localhost', 'mcpgiw', 'admin1', '1', '1', 'user'),
(389, '1', 'admin@localhost', 'mcpgiw', 'admin1', '1', '1', 'user'),
(390, '1', 'sample@email.tst', 'yifehj', 'g00dPa', '1', '${@print(md5(acunetix_wvs_security_test))}\\', 'user'),
(391, '/../..//../..//../..//../..//.', 'sample@email.tst', 'xsdytt', 'g00dPa', '1', '1', 'user'),
(392, 'daftar.php/.', 'sample@email.tst', 'ujhfgx', 'g00dPa', '1', '1', 'user'),
(393, '1', 'sample@email.tst', 'oupqua', '9cu4nB', '1', '1', 'user'),
(394, '1', 'admin@localhost', 'mcpgiw', 'admin1', '1', '1', 'user'),
(395, '.\\\\./.\\\\./.\\\\./.\\\\./.\\\\./.\\\\./', 'sample@email.tst', 'xsdytt', 'g00dPa', '1', '1', 'user'),
(396, '1', 'sample@email.tst', 'yifehj', ';print', '1', '1', 'user'),
(397, '1', 'sample@email.tst', 'ujhfgx', 'g00dPa', '1', '1', 'user'),
(398, '1', 'http://hitHJohNsxO8b.bxss.me/', 'mtjhqv', 'g00dPa', '1', '1', 'user'),
(399, '1', 'admin@localhost', 'mcpgiw', 'adminp', '1', '1', 'user'),
(400, '1', 'sample@email.tst', 'oupqua', 'fhIe0s', '1', '1', 'user'),
(401, '1', 'sample@email.tst', 'ujhfgx', 'g00dPa', '1', 'daftar.php', 'user'),
(402, '/etc/passwd', 'sample@email.tst', 'xsdytt', 'g00dPa', '1', '1', 'user'),
(403, '1', 'sample@email.tst', 'yifehj', '\';prin', '1', '1', 'user'),
(404, '1', 'sample@email.tst', 'yifehj', '\";prin', '1', '1', 'user'),
(405, '1', 'sample@email.tst', 'ujhfgx', 'g00dPa', '1', 'daftar.php\0', 'user'),
(406, '1', 'sample@email.tst', 'oupqua', 'se7Uy3', '1', '1', 'user'),
(407, '1', 'admin@localhost', 'mcpgiw', '0admin', '1', '1', 'user'),
(408, '%2fetc%2fpasswd', 'sample@email.tst', 'xsdytt', 'g00dPa', '1', '1', 'user'),
(409, '1', 'sample@email.tst', 'yifehj', '${@pri', '1', '1', 'user'),
(410, '1', 'sample@email.tst', 'oupqua', 'WB9Nj7', '1', '1', 'user'),
(411, '1', 'admin@localhost', 'mcpgiw', 'change', '1', '1', 'user'),
(412, '1', 'sample@email.tst', 'ujhfgx', 'g00dPa', '1', 'daftar.php/.', 'user'),
(413, '/.././.././.././.././.././../.', 'sample@email.tst', 'xsdytt', 'g00dPa', '1', '1', 'user'),
(414, '1', 'sample@email.tst', 'yifehj', '${@pri', '1', '1', 'user'),
(415, '1', 'sample@email.tst', 'ujhfgx', 'g00dPa', '1', '1', 'user'),
(416, '1', 'admin@localhost', 'mcpgiw', 'change', '1', '1', 'user'),
(417, '../..//../..//../..//../..//..', 'sample@email.tst', 'xsdytt', 'g00dPa', '1', '1', 'user'),
(418, '1', 'sample@email.tst', ';print', 'g00dPa', '1', '1', 'user'),
(419, '1', 'sample@email.tst', 'oupqua', 'g00dPa', '1', '1', 'user'),
(420, '../.../.././../.../.././../...', 'sample@email.tst', 'xsdytt', 'g00dPa', '1', '1', 'user'),
(421, '1', 'sample@email.tst', 'ujhfgx', 'daftar', '1', '1', 'user'),
(422, '..??..??..??..??..??..??..??..', 'sample@email.tst', 'xsdytt', 'g00dPa', '1', '1', 'user'),
(423, '1', 'admin@localhost', 'mcpgiw', 'test', '1', '1', 'user'),
(424, '1', 'sample@email.tst', '\';prin', 'g00dPa', '1', '1', 'user'),
(425, 'invalid../../../../../../../..', 'sample@email.tst', 'xsdytt', 'g00dPa', '1', '1', 'user'),
(426, '1', 'sample@email.tst', 'ujhfgx', 'daftar', '1', '1', 'user'),
(427, '1', 'sample@email.tst', 'oupqua', 'g00dPa', '1', '1', 'user'),
(428, '1', 'sample@email.tst', '\";prin', 'g00dPa', '1', '1', 'user'),
(429, '1', 'admin@localhost', 'mcpgiw', 'tmp', '1', '1', 'user'),
(430, '1', 'sample@email.tst', 'yGPKdf', 'g00dPa', '1', '1', 'user'),
(431, 'file:///etc/passwd', 'sample@email.tst', 'xsdytt', 'g00dPa', '1', '1', 'user'),
(432, '1', 'sample@email.tst', '${@pri', 'g00dPa', '1', '1', 'user'),
(433, '1', 'sample@email.tst', 'ujhfgx', 'daftar', '1', '1', 'user'),
(434, '1', 'sample@email.tst', '${@pri', 'g00dPa', '1', '1', 'user'),
(435, '1', 'admin@localhost', 'mcpgiw', 'prince', '1', '1', 'user'),
(436, '1', 'sample@email.tst', '-1 OR ', 'g00dPa', '1', '1', 'user'),
(437, '/\\../\\../\\../\\../\\../\\../\\../e', 'sample@email.tst', 'xsdytt', 'g00dPa', '1', '1', 'user'),
(438, '1', 'sample@email.tst', 'ujhfgx', 'g00dPa', '1', '1', 'user'),
(439, '1', 'sample@email.tst', '-1 OR ', 'g00dPa', '1', '1', 'user'),
(440, '1', 'admin@localhost', 'mcpgiw', 'monkey', '1', '1', 'user'),
(441, '1', 'sample@email.tst', 'nqbfgu', 'g00dPa', '1', '1', 'user'),
(442, '1', 'sample@email.tst', '-1\' OR', 'g00dPa', '1', '1', 'user'),
(443, 'WEB-INF/web.xml', 'sample@email.tst', 'xsdytt', 'g00dPa', '1', '1', 'user'),
(444, '1', 'admin@localhost', 'mcpgiw', 'tigger', '1', '1', 'user'),
(445, '1', 'sample@email.tst', 'daftar', 'g00dPa', '1', '1', 'user'),
(446, 'http://hittyofMDSYdJ.bxss.me/', 'sample@email.tst', 'mtjhqv', 'g00dPa', '1', '1', 'user'),
(447, '1', 'sample@email.tst', '-1\' OR', 'g00dPa', '1', '1', 'user'),
(448, '1', 'sample@email.tst', 'nqbfgu', 'g00dPa', '1\'\"', '1', 'user'),
(449, '1', 'sample@email.tst', 'daftar', 'g00dPa', '1', '1', 'user'),
(450, '1', 'admin@localhost', 'mcpgiw', 'admini', '1', '1', 'user'),
(451, '/WEB-INF/web.xml', 'sample@email.tst', 'xsdytt', 'g00dPa', '1', '1', 'user'),
(452, '1', 'sample@email.tst', 'nqbfgu', 'g00dPa', '\\', '1', 'user'),
(453, '1', 'sample@email.tst', '-1\" OR', 'g00dPa', '1', '1', 'user'),
(454, '1', 'sample@email.tst', 'nqbfgu', 'g00dPa', '1\0????', '1', 'user'),
(455, '1', 'sample@email.tst', 'if(now', 'g00dPa', '1', '1', 'user'),
(456, '1', 'sample@email.tst', 'daftar', 'g00dPa', '1', '1', 'user'),
(457, '1', 'admin@localhost', 'mcpgiw', 'Admini', '1', '1', 'user'),
(458, 'WEB-INF\\web.xml', 'sample@email.tst', 'xsdytt', 'g00dPa', '1', '1', 'user'),
(459, '1', 'sample@email.tst', '(selec', 'g00dPa', '1', '1', 'user'),
(460, '1', 'sample@email.tst', 'nqbfgu', 'g00dPa', '@@svuZ0', '1', 'user'),
(461, '1', 'sample@email.tst', '1 wait', 'g00dPa', '1', '1', 'user'),
(462, '1', 'sample@email.tst', 'nqbfgu', 'g00dPa', 'JyI=', '1', 'user'),
(463, '1', 'sample@email.tst', 'rcoxue', 'g00dPa', '))))))))))))))))))))))))))))))))))))))))))))))))))', '1', 'user'),
(464, '1', 'admin@localhost', 'mcpgiw', 'root', '1', '1', 'user'),
(465, '../../../../../../../../../../', 'sample@email.tst', 'xsdytt', 'g00dPa', '1', '1', 'user'),
(466, '1', 'sample@email.tst', 'nqbfgu', 'g00dPa', '?\'?\"', '1', 'user'),
(467, '../../../../../../../../../../', 'sample@email.tst', 'xsdytt', 'g00dPa', '1', '1', 'user'),
(468, '1', 'sample@email.tst', 'M4WpWM', 'g00dPa', '1', '1', 'user'),
(469, '1', '))))))))))))))))))))))))))))))', 'rcoxue', 'g00dPa', '1', '1', 'user'),
(470, '1', 'admin@localhost', 'mcpgiw', 'temp', '1', '1', 'user'),
(471, '../../../../../../../../../../', 'sample@email.tst', 'xsdytt', 'g00dPa', '1', '1', 'user'),
(472, '1', 'sample@email.tst', 'nqbfgu', 'g00dPa', '?\'\'?\"\"', '1', 'user'),
(473, '1', 'sample@email.tst', 'MDUTIw', 'g00dPa', '1', '1', 'user'),
(474, '))))))))))))))))))))))))))))))', 'sample@email.tst', 'rcoxue', 'g00dPa', '1', '1', 'user'),
(475, '1', 'admin@localhost', 'mcpgiw', 'demo', '1', '1', 'user'),
(476, '??????????????????????????????', 'sample@email.tst', 'xsdytt', 'g00dPa', '1', '1', 'user'),
(477, '1', 'sample@email.tst', 'XnFWOK', 'g00dPa', '1', '1', 'user'),
(478, '1', 'sample@email.tst', 'nqbfgu', 'g00dPa', '(select convert(int,CHAR(65)))', '1', 'user'),
(479, '1', 'admin@localhost', 'mcpgiw', 'demo12', '1', '1', 'user'),
(480, '1', 'sample@email.tst', 'JqEZuJ', 'g00dPa', '1', '1', 'user'),
(481, '................windowswin.ini', 'sample@email.tst', 'xsdytt', 'g00dPa', '1', '1', 'user'),
(482, '1', 'sample%40email.tst', 'nqbfgu', 'g00dPa', '1', '1', 'user'),
(483, '1', 'sample@email.tst', 'rcoxue', 'g00dPa', '1', ')))))))))))))))))))))))))))))))))))))))))))))))))))))))))))))))))))))', 'user'),
(484, '..\\..\\..\\..\\..\\..\\..\\..\\window', 'sample@email.tst', 'xsdytt', 'g00dPa', '1', '1', 'user'),
(485, '1', 'admin@localhost', 'mcpgiw', 'user', '1', '1', 'user'),
(486, '1', 'sample@email.tst', 'rcoxue', '))))))', '1', '1', 'user'),
(487, '1', '1\'\"', 'nqbfgu', 'g00dPa', '1', '1', 'user'),
(488, '1', 'sample@email.tst', 'gilrqo', 'g00dPa', '/www.vulnweb.com', '1', 'user'),
(489, '/.\\\\./.\\\\./.\\\\./.\\\\./.\\\\./.\\\\.', 'sample@email.tst', 'xsdytt', 'g00dPa', '1', '1', 'user'),
(490, '1', 'admin@localhost', 'mcpgiw', 'system', '1', '1', 'user'),
(491, '1', '/www.vulnweb.com', 'gilrqo', 'g00dPa', '1', '1', 'user'),
(492, '1', 'sample@email.tst', '))))))', 'g00dPa', '1', '1', 'user'),
(493, '/www.vulnweb.com', 'sample@email.tst', 'gilrqo', 'g00dPa', '1', '1', 'user'),
(494, '1', '\\', 'nqbfgu', 'g00dPa', '1', '1', 'user'),
(495, '1', '1\0????', 'nqbfgu', 'g00dPa', '1', '1', 'user'),
(496, '../..//../..//../..//../..//..', 'sample@email.tst', 'xsdytt', 'g00dPa', '1', '1', 'user'),
(497, '1', 'admin@localhost', 'mcpgiw', 'manage', '1', '1', 'user'),
(498, '1', 'sample@email.tst', 'mtjhqv', 'g00dPa', '1', 'http://hitB52XUATKiT.bxss.me/', 'user'),
(499, '1', 'sample@email.tst', 'gilrqo', 'g00dPa', '1', '/www.vulnweb.com', 'user'),
(500, '1', 'sample@email.tst', 'qdnmpf', 'g00dPa', '\'\"', '1', 'user'),
(501, '1', 'admin@localhost', 'mcpgiw', 'guest', '1', '1', 'user'),
(502, '../.../.././../.../.././../...', 'sample@email.tst', 'xsdytt', 'g00dPa', '1', '1', 'user'),
(503, '1', '@@ZgQ0c', 'nqbfgu', 'g00dPa', '1', '1', 'user'),
(504, '1', 'admin@localhost', 'mcpgiw', 'asdf', '1', '1', 'user'),
(505, '1', 'sample@email.tst', 'qdnmpf', 'g00dPa', '<!--', '1', 'user'),
(506, '1', 'sample@email.tst', 'gilrqo', '/www.v', '1', '1', 'user'),
(507, '1', 'sample@email.tst', '/www.v', 'g00dPa', '1', '1', 'user'),
(508, '1', '\'\"', 'qdnmpf', 'g00dPa', '1', '1', 'user'),
(509, '1', '<!--', 'qdnmpf', 'g00dPa', '1', '1', 'user'),
(510, '1', 'JyI=', 'nqbfgu', 'g00dPa', '1', '1', 'user'),
(511, '1', 'admin@localhost', 'mcpgiw', 'cisco', '1', '1', 'user'),
(512, 'unexisting/../../../../../../.', 'sample@email.tst', 'xsdytt', 'g00dPa', '1', '1', 'user'),
(513, '1', 'sample@email.tst', 'onoihi', 'g00dPa', '1\'\"()&%<acx><ScRiPt >Z5ES(9951)</ScRiPt>', '1', 'user'),
(514, '\'\"', 'sample@email.tst', 'qdnmpf', 'g00dPa', '1', '1', 'user'),
(515, '1', 'admin@localhost', 'mcpgiw', 'defaul', '1', '1', 'user'),
(516, 'WEB-INF/web.xml', 'sample@email.tst', 'xsdytt', 'g00dPa', '1', '1', 'user'),
(517, '1', '?\'?\"', 'nqbfgu', 'g00dPa', '1', '1', 'user'),
(518, '1', 'admin@localhost', 'mcpgiw', 'god', '1', '1', 'user'),
(519, '1', 'sample@email.tst', 'onoihi', 'g00dPa', '\'\"()&%<acx><ScRiPt >Z5ES(9475)</ScRiPt>', '1', 'user'),
(520, '<!--', 'sample@email.tst', 'qdnmpf', 'g00dPa', '1', '1', 'user'),
(521, 'WEB-INF\\web.xml', 'sample@email.tst', 'xsdytt', 'g00dPa', '1', '1', 'user'),
(522, '1', 'sample@email.tst', 'onoihi', 'g00dPa', '1_9274', '1', 'user'),
(523, '1', 'admin@localhost', 'mcpgiw', 'ilovey', '1', '1', 'user'),
(524, '1', '?\'\'?\"\"', 'nqbfgu', 'g00dPa', '1', '1', 'user'),
(525, '1', 'sample@email.tst', 'qdnmpf', 'g00dPa', '1', '\'\"', 'user'),
(526, '1', 'sample%40email.tst\'\"()&%<acx><', 'nuqmio', 'g00dPa', '1', '1', 'user'),
(527, '1', '(select convert(int,CHAR(65)))', 'nqbfgu', 'g00dPa', '1', '1', 'user'),
(528, '1', 'sample@email.tst', 'xsdytt', 'g00dPa', '1', '../../../../../../../../../../etc/passwd', 'user'),
(529, '1', 'sample@email.tst', 'qdnmpf', 'g00dPa', '1', '<!--', 'user'),
(530, '1', 'admin@localhost', 'mcpgiw', 'letmei', '1', '1', 'user'),
(531, '1', 'sample@email.tst', 'nqbfgu', 'g00dPa', '1', '1', 'user'),
(532, '1', '\'\"()&%<acx><ScRiPt >Z5ES(9900)', 'nuqmio', 'g00dPa', '1', '1', 'user'),
(533, '1', 'sample@email.tst', 'xsdytt', 'g00dPa', '1', '../../../../../../../../../../../../../../../proc/version', 'user'),
(534, '1', 'sample@email.tst', 'qdnmpf', '\'\"', '1', '1', 'user'),
(535, '1\'\"', 'sample@email.tst', 'nqbfgu', 'g00dPa', '1', '1', 'user'),
(536, '1', 'sample%40email.tst_9410', 'nuqmio', 'g00dPa', '1', '1', 'user'),
(537, '\\', 'sample@email.tst', 'nqbfgu', 'g00dPa', '1', '1', 'user'),
(538, '1', 'admin@localhost', 'mcpgiw', 'login', '1', '1', 'user'),
(539, '1', 'sample@email.tst', 'qdnmpf', '<!--', '1', '1', 'user'),
(540, '1\'\"()&%<acx><ScRiPt >Z5ES(9063', 'sample@email.tst', 'jdxyxe', 'g00dPa', '1', '1', 'user'),
(541, '1', 'admin@localhost', 'mcpgiw', 'love', '1', '1', 'user'),
(542, '1', 'sample@email.tst', 'xsdytt', 'g00dPa', '1', '..%2F..%2F..%2F..%2F..%2F..%2F..%2F..%2F..%2F..%2Fetc%2Fpasswd%00.jpg', 'user'),
(543, '1\0????', 'sample@email.tst', 'nqbfgu', 'g00dPa', '1', '1', 'user'),
(544, '1', 'sample@email.tst', 'mtjhqv', 'http:/', '1', '1', 'user'),
(545, '@@MCYQn', 'sample@email.tst', 'nqbfgu', 'g00dPa', '1', '1', 'user'),
(546, '\'\"()&%<acx><ScRiPt >Z5ES(9632)', 'sample@email.tst', 'jdxyxe', 'g00dPa', '1', '1', 'user'),
(547, '1_9587', 'sample@email.tst', 'jdxyxe', 'g00dPa', '1', '1', 'user'),
(548, 'JyI=', 'sample@email.tst', 'nqbfgu', 'g00dPa', '1', '1', 'user'),
(549, '1', 'admin@localhost', 'mcpgiw', 'mail', '1', '1', 'user'),
(550, '1', 'sample@email.tst', '\'\"', 'g00dPa', '1', '1', 'user'),
(551, '1', 'sample@email.tst', 'xsdytt', 'g00dPa', '1', '../../../../../../../../../../etc/passwd\0.jpg', 'user'),
(552, '1', 'sample@email.tst', 'mcsmcx', 'g00dPa', '1', '1\'\"()&%<acx><ScRiPt >Z5ES(9009)</ScRiPt>', 'user'),
(553, '1', 'admin@localhost', 'mcpgiw', 'master', '1', '1', 'user'),
(554, '1', 'sample@email.tst', '<!--', 'g00dPa', '1', '1', 'user'),
(555, '?\'?\"', 'sample@email.tst', 'nqbfgu', 'g00dPa', '1', '1', 'user'),
(556, '1', 'sample@email.tst', 'xsdytt', 'g00dPa', '1', '..%2F..%2F..%2F..%2F..%2F..%2F..%2F..%2F..%2F..%2Fetc%2Fpasswd%00.jpg', 'user'),
(557, '1', 'admin@localhost', 'mcpgiw', 'newpas', '1', '1', 'user'),
(558, '1', 'sample@email.tst', 'xsdytt', 'g00dPa', '1', '/../..//../..//../..//../..//../..//etc/passwd\0.jpg', 'user'),
(559, '1', 'sample@email.tst', 'mcsmcx', 'g00dPa', '1', '\'\"()&%<acx><ScRiPt >Z5ES(9687)</ScRiPt>', 'user'),
(560, '?\'\'?\"\"', 'sample@email.tst', 'nqbfgu', 'g00dPa', '1', '1', 'user'),
(561, '1', 'admin@localhost', 'mcpgiw', 'newuse', '1', '1', 'user'),
(562, '1', 'admin@localhost', 'mcpgiw', 'none', '1', '1', 'user'),
(563, '1', 'sample@email.tst', 'xsdytt', 'g00dPa', '1', '.\\\\./.\\\\./.\\\\./.\\\\./.\\\\./.\\\\./etc/passwd', 'user'),
(564, '1', 'sample@email.tst', 'mcsmcx', 'g00dPa', '1', '1_9145', 'user'),
(565, '(select convert(int,CHAR(65)))', 'sample@email.tst', 'nqbfgu', 'g00dPa', '1', '1', 'user'),
(566, '1', 'admin@localhost', 'mcpgiw', 'nopass', '1', '1', 'user'),
(567, '1', 'sample@email.tst', 'nqbfgu', 'g00dPa', '1', '1', 'user'),
(568, '1', 'sample@email.tst', 'xsdytt', 'g00dPa', '1', '/etc/passwd', 'user'),
(569, '1', 'sample@email.tst', 'gdjqpm', 'g00dPa', '1', '1', 'user'),
(570, '1', 'sample@email.tst', 'http:/', 'g00dPa', '1', '1', 'user'),
(571, '1', 'sample@email.tst', 'nqbfgu', 'g00dPa', '1', '1\'\"', 'user'),
(572, '1', 'admin@localhost', 'mcpgiw', 'pass', '1', '1', 'user'),
(573, '1', 'sample@email.tst', 'xsdytt', 'g00dPa', '1', '%2fetc%2fpasswd', 'user'),
(574, '1', 'sample@email.tst', 'gdjqpm', '\'\"()&%', '1', '1', 'user'),
(575, '1', 'admin@localhost', 'mcpgiw', 'passco', '1', '1', 'user'),
(576, '1', 'sample@email.tst', 'nqbfgu', 'g00dPa', '1', '\\', 'user'),
(577, '1', 'sample@email.tst', 'xsdytt', 'g00dPa', '1', '/.././.././.././.././.././.././.././../etc/./passwd%00', 'user'),
(578, '1', 'sample@email.tst', 'nqbfgu', 'g00dPa', '1', '1\0????', 'user'),
(579, '1', 'admin@localhost', 'mcpgiw', 'passw0', '1', '1', 'user'),
(580, '1', 'sample@email.tst', 'gdjqpm', 'g00dPa', '1', '1', 'user'),
(581, '1', 'admin@localhost', 'mcpgiw', 'passwd', '1', '1', 'user'),
(582, '1', 'sample@email.tst', 'xsdytt', 'g00dPa', '1', '../..//../..//../..//../..//../..//../..//../..//../..//etc/passwd', 'user'),
(583, '1', 'sample@email.tst', 'gdjqpm', 'g00dPa', '1', '1', 'user'),
(584, '1', 'sample@email.tst', 'nqbfgu', 'g00dPa', '1', '@@1WlNz', 'user'),
(585, '1', 'admin@localhost', 'mcpgiw', 'passwo', '1', '1', 'user'),
(586, '1', 'admin@localhost', 'mcpgiw', 'passwo', '1', '1', 'user'),
(587, '1', 'sample@email.tst', '\'\"()&%', 'g00dPa', '1', '1', 'user'),
(588, '1', 'sample@email.tst', 'xsdytt', 'g00dPa', '1', '../.../.././../.../.././../.../.././../.../.././../.../.././../.../.././etc/passwd', 'user'),
(589, '1', 'sample@email.tst', 'nqbfgu', 'g00dPa', '1', 'JyI=', 'user'),
(590, '1', 'admin@localhost', 'mcpgiw', 'Passwo', '1', '1', 'user'),
(591, '1', 'sample@email.tst', 'gdjqpm', 'g00dPa', '1', '1', 'user'),
(592, '1', 'admin@localhost', 'mcpgiw', 'Passw0', '1', '1', 'user'),
(593, '1', 'sample@email.tst', 'xsdytt', 'g00dPa', '1', '..??..??..??..??..??..??..??..??etc/passwd', 'user'),
(594, '1', 'admin@localhost', 'mcpgiw', 'pa$$wo', '1', '1', 'user'),
(595, '1', 'sample@email.tst', 'nqbfgu', 'g00dPa', '1', '?\'?\"', 'user');
INSERT INTO `tbl_users` (`id_user`, `nama_lengkap`, `email`, `username`, `password`, `alamat`, `no_hp`, `title`) VALUES
(596, '1', 'sample@email.tst', 'xsdytt', 'g00dPa', '1', 'invalid../../../../../../../../../../etc/passwd/././././././././././././././././././././././././././././././././././././././././././././././././././././././././././././././././././././././././././././././././././././././././././././././././././././././././././././././././././././././././././././././././././././././././././././././././././././././././././././././././././././././././././././././././././././././././././././././././././././././././././././././././././././././././././././././././././././././././././././././././././././././././././././././././././././././././././././././././././././././././././././././././././././././././././././././././././././././././././././././././././././././././././././././././././././././././././././././././././././././././././././././././././././././././././././././././././././././././././././././././././././././././././././././././././././././././././././././././././././././././././././././././././././././././././././././././././././././././././././././././././././././././././././././././././././././././././././././././././././././././././././././././././././././././././././././././././././././././././././././././././././././././././././././././././././././././././././././././././././././././././././././././././././././././././././././././././././././././././././././././././././././././././././././././././././././././././././././././././././././././././././././././././././././././././././././././././././././././././././././././././././././././././././././././././././././././././././././././././././././././././././././././././././././././././././././././././././././././././././././././././././././././././././././././././././././././././././././././././././././././././././././././././././././././././././././././././././././././././././././././././././././././././././././././././././././././././././././././././././././././././././././././././././././././././././././././././././././././././././././././././././././././././././././././././././././././././././././././././././././././././././././././././././././././././././././././././././././././././././././././././././././././././././././././././././././././././././././././././././././././././././././././././././././././././././././././././././././././././././././././././././././././././././././././././././././././././././././././././././././././././././././././././././././././././././././././././././././././././././././././././././././././././././././././././././././././././././././././././././././././././././././././././././././././././././././././././././././././././././././././././././././././././././././././././././././././././././././././././././././././././././././././././././././././././././././././././././././././././././././././././././././././././././././././././././././././././././././././././././././././././././././././././././././././././././././././././././././././././././././././././././././././././././././././././././././././././././././././././././././././././././././././././././././././././././././././././././././././././././././././././././././././././././././././././././././././././././././././././././././././././././././././././././././././././././././././././././././././././././././././././././././././././././././././././././././././././././././././././././././././././././././././././././././././././././././././././././././././././././././././././././././././././././././././././././././././././././././././././././././././././././././././././././././././././././././././././././././././././././././././././././././././././././././././././././././././././././././././././././././././././././././././././././././././././././././././././././././././././././././././././././././././././././././././././././././././././././././././././././././././././././././././././././././././././././././././././././././././././././././././././././././././././././././././././././././././././././././././././././././././././././././././././././././././././././././././././././././././././././././././././././././././././././././././././././.', 'user'),
(597, '1', 'sample@email.tst', 'xsdytt', 'g00dPa', '1', 'file:///etc/passwd', 'user'),
(598, '1', 'admin@localhost', 'mcpgiw', 'p@sswo', '1', '1', 'user'),
(599, '1', 'sample@email.tst', 'nqbfgu', 'g00dPa', '1', '?\'\'?\"\"', 'user'),
(600, '1', 'admin@localhost', 'mcpgiw', 'P@$$w0', '1', '1', 'user'),
(601, '1', 'sample@email.tst', 'xsdytt', 'g00dPa', '1', '/\\../\\../\\../\\../\\../\\../\\../etc/passwd', 'user'),
(602, '1', 'sample@email.tst', 'nqbfgu', 'g00dPa', '1', '(select convert(int,CHAR(65)))', 'user'),
(603, '1', 'admin@localhost', 'mcpgiw', 'privat', '1', '1', 'user'),
(604, '1', 'sample@email.tst', 'nqbfgu', 'g00dPa', '1', '1', 'user'),
(605, '1', 'sample@email.tst', 'xsdytt', 'g00dPa', '1', 'WEB-INF/web.xml', 'user'),
(606, '1', 'admin@localhost', 'mcpgiw', 'qwert', '1', '1', 'user'),
(607, '1', 'admin@localhost', 'mcpgiw', 'qwerty', '1', '1', 'user'),
(608, '1', 'sample@email.tst', 'xsdytt', 'g00dPa', '1', '/WEB-INF/web.xml', 'user'),
(609, '1', 'sample@email.tst', 'nqbfgu', '1\'\"', '1', '1', 'user'),
(610, '1', 'admin@localhost', 'mcpgiw', 'tomcat', '1', '1', 'user'),
(611, '1', 'sample@email.tst', 'xsdytt', 'g00dPa', '1', 'WEB-INF\\web.xml', 'user'),
(612, '1', 'admin@localhost', 'mcpgiw', 'read', '1', '1', 'user'),
(613, '1', 'sample@email.tst', 'nqbfgu', '\\', '1', '1', 'user'),
(614, '1', 'admin@localhost', 'mcpgiw', 'sa', '1', '1', 'user'),
(615, '1', 'sample@email.tst', 'xsdytt', 'g00dPa', '1', '../../../../../../../../../../windows/win.ini', 'user'),
(616, '1', 'admin@localhost', 'mcpgiw', 'secret', '1', '1', 'user'),
(617, '1', 'sample@email.tst', 'nqbfgu', '1\0????', '1', '1', 'user'),
(618, '1', 'admin@localhost', 'mcpgiw', 'securi', '1', '1', 'user'),
(619, '1', 'sample@email.tst', 'xsdytt', 'g00dPa', '1', '../../../../../../../../../../boot.ini', 'user'),
(620, '1', 'sample@email.tst', 'nqbfgu', '@@ZXcK', '1', '1', 'user'),
(621, '1', 'admin@localhost', 'mcpgiw', 'setup', '1', '1', 'user'),
(622, '1', 'sample@email.tst', 'nqbfgu', 'JyI=', '1', '1', 'user'),
(623, '1', 'admin@localhost', 'mcpgiw', 'super', '1', '1', 'user'),
(624, '1', 'sample@email.tst', 'xsdytt', 'g00dPa', '1', '../../../../../../../../../../windows/win.ini\0.jpg', 'user'),
(625, '1', 'admin@localhost', 'mcpgiw', 'superu', '1', '1', 'user'),
(626, '1', 'admin@localhost', 'mcpgiw', 'sys', '1', '1', 'user'),
(627, '1', 'sample@email.tst', 'xsdytt', 'g00dPa', '1', '????????????????????????????????????????????????windows??win.ini', 'user'),
(628, '1', 'sample@email.tst', 'nqbfgu', '?\'?\"', '1', '1', 'user'),
(629, '1', 'admin@localhost', 'mcpgiw', 'sysadm', '1', '1', 'user'),
(630, '1', 'admin@localhost', 'mcpgiw', 'sysadm', '1', '1', 'user'),
(631, '1', 'sample@email.tst', 'xsdytt', 'g00dPa', '1', '................windowswin.ini', 'user'),
(632, '1', 'sample@email.tst', 'nqbfgu', '?\'\'?\"\"', '1', '1', 'user'),
(633, '1', 'admin@localhost', 'mcpgiw', 'tech', '1', '1', 'user'),
(634, '1', 'admin@localhost', 'mcpgiw', 'test1', '1', '1', 'user'),
(635, '1', 'admin@localhost', 'mcpgiw', 'tester', '1', '1', 'user'),
(636, '1', 'sample@email.tst', 'xsdytt', 'g00dPa', '1', '..\\..\\..\\..\\..\\..\\..\\..\\windows\\win.ini', 'user'),
(637, '1', 'sample@email.tst', 'nqbfgu', '(selec', '1', '1', 'user'),
(638, '1', 'admin@localhost', 'mcpgiw', 'test12', '1', '1', 'user'),
(639, '1', 'admin@localhost', 'mcpgiw', 'trustn', '1', '1', 'user'),
(640, '1', 'sample@email.tst', 'xsdytt', 'g00dPa', '1', '/.\\\\./.\\\\./.\\\\./.\\\\./.\\\\./.\\\\./windows/win.ini', 'user'),
(641, '1', 'sample@email.tst', 'nqbfgu', 'g00dPa', '1', '1', 'user'),
(642, '1', 'admin@localhost', 'mcpgiw', 'testin', '1', '1', 'user'),
(643, '1', 'sample@email.tst', 'xsdytt', 'g00dPa', '1', '../..//../..//../..//../..//../..//../..//../..//../..//windows/win.ini', 'user'),
(644, '1', 'sample@email.tst', '1\'\"', 'g00dPa', '1', '1', 'user'),
(645, '1', 'admin@localhost', 'mcpgiw', 'toor', '1', '1', 'user'),
(646, '1', 'admin@localhost', 'mcpgiw', 'write', '1', '1', 'user'),
(647, '1', 'sample@email.tst', 'xsdytt', 'g00dPa', '1', '../.../.././../.../.././../.../.././../.../.././../.../.././../.../.././windows/win.ini', 'user'),
(648, '1', 'admin@localhost', 'mcpgiw', 'xxx', '1', '1', 'user'),
(649, '1', 'admin@localhost', 'mcpgiw', 'suppor', '1', '1', 'user'),
(650, '1', 'sample@email.tst', '\\', 'g00dPa', '1', '1', 'user'),
(651, '1', 'sample@email.tst', 'xsdytt', 'g00dPa', '1', 'unexisting/../../../../../../../../../../windows/win.ini.\\.\\.\\.\\.\\.\\.\\.\\.\\.\\.\\.\\.\\.\\.\\.\\.\\.\\.\\.\\.\\.\\.\\.\\.\\.\\.\\.\\.\\.\\.\\.\\.\\.\\.\\.\\.\\.\\.\\.\\.\\.\\.\\.\\.\\.\\.\\.\\.\\.\\.\\.\\.\\.\\.\\.\\.\\.\\.\\.\\.\\.\\.\\.\\.\\.\\.\\.\\.\\.\\.\\.\\.\\.\\.\\.\\.\\.\\.\\.\\.\\.\\.\\.\\.\\.\\.\\.\\.\\.\\.\\.\\.\\.\\.\\.\\.\\.\\.\\.\\.\\.\\.\\.\\.\\.\\.\\.\\.\\.\\.\\.\\.\\.\\.\\.\\.\\.\\.\\.\\.\\.\\.\\.\\.\\.\\.\\.\\.\\.\\.\\.\\.\\.\\.\\.\\.\\.\\.\\.\\.\\.\\.\\.\\.\\.\\.\\.\\.\\.\\.\\.\\.\\.\\.\\.\\.\\.\\.\\.\\.\\.\\.\\.\\.\\.\\.\\.\\.\\.\\.\\.\\.\\.\\.\\.\\.\\.\\.\\.\\.\\.\\.\\.\\.\\.\\.\\.\\.\\.\\.\\.\\.\\.\\.\\.\\.\\.\\.\\.\\.\\.\\.\\.\\.\\.\\.\\.\\.\\.\\.\\.\\.\\.\\.\\.\\.\\.\\.\\.\\.\\.\\.\\.\\.\\.\\.\\.\\.\\.\\.\\.\\.\\.\\.\\.\\.\\.\\.\\.\\.\\.\\.\\.\\.\\.\\.\\.\\.\\.\\.\\.\\.\\.\\.\\.\\.\\.\\.\\.\\.\\.\\.\\.\\.\\.\\.\\.\\.\\.\\.\\.\\.\\.\\.\\.\\.\\.\\.\\.\\.\\.\\.\\.\\.\\.\\.\\.\\.\\.\\.\\.\\.\\.\\.\\.\\.\\.\\.\\.\\.\\.\\.\\.\\.\\.\\.\\.\\.\\.\\.\\.\\.\\.\\.\\.\\.\\.\\.\\.\\.\\.\\.\\.\\.\\.\\.\\.\\.\\.\\.\\.\\.\\.\\.\\.\\.\\.\\.\\.\\.\\.\\.\\.\\.\\.\\.\\.\\.\\.\\.\\.\\.\\.\\.\\.\\.\\.\\.\\.\\.\\.\\.\\.\\.\\.\\.\\.\\.\\.\\.\\.\\.\\.\\.\\.\\.\\.\\.\\.\\.\\.\\.\\.\\.\\.\\.\\.\\.\\.\\.\\.\\.\\.\\.\\.\\.\\.\\.\\.\\.\\.\\.\\.\\.\\.\\.\\.\\.\\.\\.\\.\\.\\.\\.\\.\\.\\.\\.\\.\\.\\.\\.\\.\\.\\.\\.\\.\\.\\.\\.\\.\\.\\.\\.\\.\\.\\.\\.\\.\\.\\.\\.\\.\\.\\.\\.\\.\\.\\.\\.\\.\\.\\.\\.\\.\\.\\.\\.\\.\\.\\.\\.\\.\\.\\.\\.\\.\\.\\.\\.\\.\\.\\.\\.\\.\\.\\.\\.\\.\\.\\.\\.\\.\\.\\.\\.\\.\\.\\.\\.\\.\\.\\.\\.\\.\\.\\.\\.\\.\\.\\.\\.\\.\\.\\.\\.\\.\\.\\.\\.\\.\\.\\.\\.\\.\\.\\.\\.\\.\\.\\.\\.\\.\\.\\.\\.\\.\\.\\.\\.\\.\\.\\.\\.\\.\\.\\.\\.\\.\\.\\.\\.\\.\\.\\.\\.\\.\\.\\.\\.\\.\\.\\.\\.\\.\\.\\.\\.\\.\\.\\.\\.\\.\\.\\.\\.\\.\\.\\.\\.\\.\\.\\.\\.\\.\\.\\.\\.\\.\\.\\.\\.\\.\\.\\.\\.\\.\\.\\.\\.\\.\\.\\.\\.\\.\\.\\.\\.\\.\\.\\.\\.\\.\\.\\.\\.\\.\\.\\.\\.\\.\\.\\.\\.\\.\\.\\.\\.\\.\\.\\.\\.\\.\\.\\.\\.\\.\\.\\.\\.\\.\\.\\.\\.\\.\\.\\.\\.\\.\\.\\.\\.\\.\\.\\.\\.\\.\\.\\.\\.\\.\\.\\.\\.\\.\\.\\.\\.\\.\\.\\.\\.\\.\\.\\.\\.\\.\\.\\.\\.\\.\\.\\.\\.\\.\\.\\.\\.\\.\\.\\.\\.\\.\\.\\.\\.\\.\\.\\.\\.\\.\\.\\.\\.\\.\\.\\.\\.\\.\\.\\.\\.\\.\\.\\.\\.\\.\\.\\.\\.\\.\\.\\.\\.\\.\\.\\.\\.\\.\\.\\.\\.\\.\\.\\.\\.\\.\\.\\.\\.\\.\\.\\.\\.\\.\\.\\.\\.\\.\\.\\.\\.\\.\\.\\.\\.\\.\\.\\.\\.\\.\\.\\.\\.\\.\\.\\.\\.\\.\\.\\.\\.\\.\\.\\.\\.\\.\\.\\.\\.\\.\\.\\.\\.\\.\\.\\.\\.\\.\\.\\.\\.\\.\\.\\.\\.\\.\\.\\.\\.\\.\\.\\.\\.\\.\\.\\.\\.\\.\\.\\.\\.\\.\\.\\.\\.\\.\\.\\.\\.\\.\\.\\.\\.\\.\\.\\.\\.\\.\\.\\.\\.\\.\\.\\.\\.\\.\\.\\.\\.\\.\\.\\.\\.\\.\\.\\.\\.\\.\\.\\.\\.\\.\\.\\.\\.\\.\\.\\.\\.\\.\\.\\.\\.\\.\\.\\.\\.\\.\\.\\.\\.\\.\\.\\.\\.\\.\\.\\.\\.\\.\\.\\.\\.\\.\\.\\.\\.\\.\\.\\.\\.\\.\\.\\.\\.\\.\\.\\.\\.\\.\\.\\.\\.\\.\\.\\.\\.\\.\\.\\.\\.\\.\\.\\.\\.\\.\\.\\.\\.\\.\\.\\.\\.\\.\\.\\.\\.\\.\\.\\.\\.\\.\\.\\.\\.\\.\\.\\.\\.\\.\\.\\.\\.\\.\\.\\.\\.\\.\\.\\.\\.\\.\\.\\.\\.\\.\\.\\.\\.\\.\\.\\.\\.\\.\\.\\.\\.\\.\\.\\.\\.\\.\\.\\.\\.\\.\\.\\.\\.\\.\\.\\.\\.\\.\\.\\.\\.\\.\\.\\.\\.\\.\\.\\.\\.\\.\\.\\.\\.\\.\\.\\.\\.\\.\\.\\.\\.\\.\\.\\.\\.\\.\\.\\.\\.\\.\\.\\.\\.\\.\\.\\.\\.\\.\\.\\.\\.\\.\\.\\.\\.\\.\\.\\.\\.\\.\\.\\.\\.\\.\\.\\.\\.\\.\\.\\.\\.\\.\\.\\.\\.\\.\\.\\.\\.\\.\\.\\.\\.\\.\\.\\.\\.\\.\\.\\.\\.\\.\\.\\.\\.\\.\\.\\.\\.\\.\\.\\.\\.\\.\\.\\.\\.\\.\\.\\.\\.\\.\\.\\.\\.\\.\\.\\.\\.\\.\\.\\.\\.\\.\\.\\.\\.\\.\\.\\.\\.\\.\\.\\.\\.\\.\\.\\.\\.\\.\\.\\.\\.\\.\\.\\.\\.\\.\\.\\.\\.\\.\\.\\.\\.\\.\\.\\.\\.\\.\\.\\.\\.\\.\\.\\.\\.\\.\\.\\.\\.\\.\\.\\.\\.\\.\\.\\.\\.\\.\\.\\.\\.\\.\\.\\.\\.\\.\\.\\.\\.\\.\\.\\.\\.\\.\\.\\.\\.\\.\\.\\.\\.\\.\\.\\.\\.\\.\\.\\.\\.\\.\\.\\.\\.\\.\\.\\.\\.\\.\\.\\.\\.\\.\\.\\.\\.\\.\\.\\.\\.\\.\\.\\.\\.\\.\\.\\.\\.\\.\\.\\.\\.\\.\\.\\.\\.\\.\\.\\.\\.\\.\\.\\.\\.\\.\\.\\.\\.\\.\\.\\.\\.\\.\\.\\.\\.\\.\\.\\.\\.\\.\\.\\.\\.\\.\\.\\.\\.\\.\\.\\.\\.\\.\\.\\.\\.\\.\\.\\.\\.\\.\\.\\.\\.\\.\\.\\.\\.\\.\\.\\.\\.\\.\\.\\.\\.\\.\\.\\.\\.\\.\\.\\.\\.\\.\\.\\.\\.\\.\\.\\.\\.\\.\\.\\.\\.\\.\\.\\.\\.\\.\\.\\.\\.\\.\\.\\.\\.\\.\\.\\.\\.\\.\\.\\.\\.\\.\\.\\.\\.\\.\\.\\.\\.\\.\\.\\.\\.\\.\\.\\.\\.\\.\\.\\.\\.\\.\\.\\.\\.\\.\\.\\.\\.\\.\\.\\.\\.\\.\\.\\.\\.\\.\\.\\.\\.\\.\\.\\.\\.\\.\\.\\.\\.\\.\\.\\.\\.\\.\\.\\.\\.\\.\\.\\.\\.\\.\\.\\.\\.\\.\\.\\.\\.\\.\\.\\.\\.\\.\\.\\.\\.\\.\\.\\.\\.\\.\\.\\.\\.\\.\\.\\.\\.\\.\\.\\.\\.\\.\\.\\.\\.\\.\\.\\.\\.\\.\\.\\.\\.\\.\\.\\.\\.\\.\\.\\.\\.\\.\\.\\.\\.\\.\\.\\.\\.\\.\\.\\.\\.\\.\\.\\.\\.\\.\\.\\.\\.\\.\\.\\.\\.\\.\\.\\.\\.\\.\\.\\.\\.\\.\\.\\.\\.\\.\\.\\.\\.\\.\\.\\.\\.\\.\\.\\.\\.\\.\\.\\.\\.\\.\\.\\.\\.\\.\\.\\.\\.\\.\\.\\.\\.\\.\\.\\.\\.\\.\\.\\.\\.\\.\\.\\.\\.\\.\\.\\.\\.\\.\\.\\.\\.\\.\\.\\.\\.\\.\\.\\.\\.\\.\\.\\.\\.\\.\\.\\.\\.\\.\\.\\.\\.\\.\\.\\.\\.\\.\\.\\.\\.\\.\\.\\.\\.\\.\\.\\.\\.\\.\\.\\.\\.\\.\\.\\.\\.\\.\\.\\.\\.\\.\\.\\.\\.\\.\\.\\.\\.\\.\\.\\.\\.\\.\\.\\.\\.\\.\\.\\.\\.\\.\\.\\.\\.\\.\\.\\.\\.\\.\\.\\.\\.\\.\\.\\.\\.\\.\\.\\.\\.\\.\\.\\.\\.\\.\\.\\.\\.\\.\\.\\.\\.\\.\\.\\.\\.\\.\\.\\.\\.\\.\\.\\.\\.\\.\\.\\.\\.\\.\\.\\.\\.\\.\\.\\.\\.\\.\\.\\.\\.\\.\\.\\.\\.\\.\\.\\.\\.\\.\\.\\.\\.\\.\\.\\.\\.\\.\\.\\.\\.\\.\\.\\.\\.\\.\\.\\.\\.\\.\\.\\.\\.\\.\\.\\.\\.\\.\\.\\.\\.\\.\\.\\.\\.\\.\\.\\.\\.\\.\\.\\.\\.\\.\\.\\.\\.\\.\\.\\.\\.\\.\\.\\.\\.\\.\\.\\.\\.\\.\\.\\.\\.\\.\\.\\.\\.\\.\\.\\.\\.\\.\\.\\.\\.\\.\\.\\.\\.\\.\\.\\.\\.\\.\\.\\.\\.\\.\\.\\.\\.\\.\\.\\.\\.\\.\\.\\.\\.\\.\\.\\.\\.\\.\\.\\.\\.\\.\\.\\.\\.\\.\\.\\.\\.\\.\\.\\.\\.\\.\\.\\.\\.\\.\\.\\.\\.\\.\\.\\.\\.\\.\\.\\.\\.\\.\\.\\.\\.\\.\\.\\.\\.\\.\\.\\.\\.\\.\\.\\.\\.\\.\\.\\.\\.\\.\\.\\.\\.\\.\\.\\.\\.\\.\\.\\.\\.\\.\\.\\.\\.\\.\\.\\.\\.\\.\\.\\.\\.\\.\\.\\.\\.\\.\\.\\.\\.\\.\\.\\.\\.\\.\\.\\.\\.\\.\\.\\.\\.\\.\\.\\.\\.\\.\\.\\.\\.\\.\\.\\.\\.\\.\\.\\.\\.\\.\\.\\.\\.\\.\\.\\.\\.\\.\\.\\.\\.\\.\\.\\.\\.\\.\\.\\.\\.\\.\\.\\.\\.\\.\\.\\.\\.\\.\\.\\.\\.\\.\\.\\.\\.\\.\\.\\.\\.\\.\\.\\.\\.\\.\\.\\.\\.\\.\\.\\.\\.\\.\\.\\.\\.\\.\\.\\.\\.\\.\\.\\.\\.\\.\\.\\.\\.\\.\\.\\.\\.\\.\\.\\.\\.\\.\\.\\.\\.\\.\\.\\.\\.\\.\\.\\.\\.\\.\\.\\.\\.\\.\\.\\.\\.\\.\\.\\.\\.\\.\\.\\.\\.\\.\\.\\.\\.\\.\\.\\.\\.\\.\\.\\.\\.\\.\\.\\.\\.\\.\\.\\.\\.\\.\\.\\.\\.\\.\\.\\.\\.\\.\\.\\.\\.\\.\\.\\.\\.\\.\\.\\.\\.\\.\\.\\.\\.\\.\\.\\.\\.\\.\\.\\.\\.\\.\\', 'user'),
(652, '1', 'sample@email.tst', '1\0????', 'g00dPa', '1', '1', 'user'),
(653, '1', 'admin@localhost', 'mcpgiw', 'mypass', '1', '1', 'user'),
(654, '1', 'admin@localhost', 'mcpgiw', 'supera', '1', '1', 'user'),
(655, '1', 'sample@email.tst', 'xsdytt', 'g00dPa', '1', 'WEB-INF/web.xml', 'user'),
(656, '1', 'sample@email.tst', '@@n07u', 'g00dPa', '1', '1', 'user'),
(657, '1', 'admin@localhost', 'mcpgiw', 'admina', '1', '1', 'user'),
(658, '1', 'sample@email.tst', 'xsdytt', 'g00dPa', '1', 'WEB-INF\\web.xml', 'user'),
(659, '1', 'sample@email.tst', 'JyI=', 'g00dPa', '1', '1', 'user'),
(660, '1', 'admin@localhost', 'mcpgiw', 'adminp', '1', '1', 'user'),
(661, '1', 'sample@email.tst', 'xsdytt', '../../', '1', '1', 'user'),
(662, '1', 'admin@localhost', 'mcpgiw', 'localh', '1', '1', 'user'),
(663, '1', 'sample@email.tst', '?\'?\"', 'g00dPa', '1', '1', 'user'),
(664, '1', 'sample@email.tst', 'xsdytt', '../../', '1', '1', 'user'),
(665, '1', 'admin@localhost', 'mcpgiw', 'localh', '1', '1', 'user'),
(666, '1', 'admin@localhost', 'mcpgiw', 'undefi', '1', '1', 'user'),
(667, '1', 'test@localhost', 'mcpgiw', 'AfXNtp', '1', '1', 'user'),
(668, '1', 'sample@email.tst', '?\'\'?\"\"', 'g00dPa', '1', '1', 'user'),
(669, '1', 'sample@email.tst', 'xsdytt', '..%2F.', '1', '1', 'user'),
(670, '1', 'test@localhost', 'mcpgiw', '1', '1', '1', 'user'),
(671, '1', 'test@localhost', 'mcpgiw', '000000', '1', '1', 'user'),
(672, '1', 'sample@email.tst', 'xsdytt', '../../', '1', '1', 'user'),
(673, '1', 'sample@email.tst', '(selec', 'g00dPa', '1', '1', 'user'),
(674, '1', 'test@localhost', 'mcpgiw', '000000', '1', '1', 'user'),
(675, '1', 'sample@email.tst', 'xsdytt', '..%2F.', '1', '1', 'user'),
(676, '1', 'test@localhost', 'mcpgiw', '000099', '1', '1', 'user'),
(677, '1', 'test@localhost', 'mcpgiw', '1111', '1', '1', 'user'),
(678, '1', 'sample@email.tst', 'xsdytt', '/../..', '1', '1', 'user'),
(679, '1', 'test@localhost', 'mcpgiw', '111111', '1', '1', 'user'),
(680, '1', 'sample@email.tst', 'xsdytt', '.\\\\./.', '1', '1', 'user'),
(681, '1', 'test@localhost', 'mcpgiw', '111111', '1', '1', 'user'),
(682, '1', 'sample@email.tst', 'xsdytt', '/etc/p', '1', '1', 'user'),
(683, '1', 'test@localhost', 'mcpgiw', '111111', '1', '1', 'user'),
(684, '1', 'sample@email.tst', 'xsdytt', '%2fetc', '1', '1', 'user'),
(685, '1', 'test@localhost', 'mcpgiw', '121212', '1', '1', 'user'),
(686, '1', 'sample@email.tst', 'xsdytt', '/.././', '1', '1', 'user'),
(687, '1', 'test@localhost', 'mcpgiw', '112233', '1', '1', 'user'),
(688, '1', 'sample@email.tst', 'xsdytt', '../../', '1', '1', 'user'),
(689, '1', 'test@localhost', 'mcpgiw', '123123', '1', '1', 'user'),
(690, '1', 'sample@email.tst', 'xsdytt', '../...', '1', '1', 'user'),
(691, '1', 'sample@email.tst', 'xsdytt', '..??..', '1', '1', 'user'),
(692, '1', 'test@localhost', 'mcpgiw', '12345a', '1', '1', 'user'),
(693, '1', 'sample@email.tst', 'xsdytt', 'invali', '1', '1', 'user'),
(694, '1', 'test@localhost', 'mcpgiw', '12qwas', '1', '1', 'user'),
(695, '1', 'test@localhost', 'mcpgiw', '123qwe', '1', '1', 'user'),
(696, '1', 'sample@email.tst', 'xsdytt', 'file:/', '1', '1', 'user'),
(697, '1', 'test@localhost', 'mcpgiw', '1q2w3e', '1', '1', 'user'),
(698, '1', 'sample@email.tst', 'xsdytt', '/\\../\\', '1', '1', 'user'),
(699, '1', 'test@localhost', 'mcpgiw', '1q2w3e', '1', '1', 'user'),
(700, '1', 'test@localhost', 'mcpgiw', '123', '1', '1', 'user'),
(701, '1', 'sample@email.tst', 'xsdytt', 'WEB-IN', '1', '1', 'user'),
(702, '1', 'sample@email.tst', 'xsdytt', '/WEB-I', '1', '1', 'user'),
(703, '1', 'test@localhost', 'mcpgiw', '1234', '1', '1', 'user'),
(704, '1', 'sample@email.tst', 'xsdytt', 'WEB-IN', '1', '1', 'user'),
(705, '1', 'sample@email.tst', 'xsdytt', '../../', '1', '1', 'user'),
(706, '1', 'test@localhost', 'mcpgiw', '12345', '1', '1', 'user'),
(707, '1', 'test@localhost', 'mcpgiw', '123456', '1', '1', 'user'),
(708, '1', 'sample@email.tst', 'xsdytt', '../../', '1', '1', 'user'),
(709, '1', 'test@localhost', 'mcpgiw', '123456', '1', '1', 'user'),
(710, '1', 'test@localhost', 'mcpgiw', '123456', '1', '1', 'user'),
(711, '1', 'sample@email.tst', 'xsdytt', '../../', '1', '1', 'user'),
(712, '1', 'test@localhost', 'mcpgiw', '123456', '1', '1', 'user'),
(713, '1', 'sample@email.tst', 'xsdytt', '??????', '1', '1', 'user'),
(714, '1', 'sample@email.tst', 'xsdytt', '......', '1', '1', 'user'),
(715, '1', 'test@localhost', 'mcpgiw', '666666', '1', '1', 'user'),
(716, '1', 'sample@email.tst', 'xsdytt', '..\\..\\', '1', '1', 'user'),
(717, '1', 'test@localhost', 'mcpgiw', '777777', '1', '1', 'user'),
(718, '1', 'sample@email.tst', 'xsdytt', '/.\\\\./', '1', '1', 'user'),
(719, '1', 'test@localhost', 'mcpgiw', '888888', '1', '1', 'user'),
(720, '1', 'sample@email.tst', 'xsdytt', '../../', '1', '1', 'user'),
(721, '1', 'test@localhost', 'mcpgiw', '888888', '1', '1', 'user'),
(722, '1', 'sample@email.tst', 'xsdytt', '../...', '1', '1', 'user'),
(723, '1', 'test@localhost', 'mcpgiw', '555555', '1', '1', 'user'),
(724, '1', 'sample@email.tst', 'xsdytt', 'unexis', '1', '1', 'user'),
(725, '1', 'test@localhost', 'mcpgiw', '654321', '1', '1', 'user'),
(726, '1', 'sample@email.tst', 'xsdytt', 'WEB-IN', '1', '1', 'user'),
(727, '1', 'sample@email.tst', 'xsdytt', 'WEB-IN', '1', '1', 'user'),
(728, '1', 'test@localhost', 'mcpgiw', 'abc123', '1', '1', 'user'),
(729, '1', 'test@localhost', 'mcpgiw', 'admin', '1', '1', 'user'),
(730, '1', 'sample@email.tst', '../../', 'g00dPa', '1', '1', 'user'),
(731, '1', 'sample@email.tst', '../../', 'g00dPa', '1', '1', 'user'),
(732, '1', 'test@localhost', 'mcpgiw', '4dm1n', '1', '1', 'user'),
(733, '1', 'sample@email.tst', '..%2F.', 'g00dPa', '1', '1', 'user'),
(734, '1', 'sample@email.tst', '../../', 'g00dPa', '1', '1', 'user'),
(735, '1', 'test@localhost', 'mcpgiw', 'adm1n', '1', '1', 'user'),
(736, '1', 'sample@email.tst', '..%2F.', 'g00dPa', '1', '1', 'user'),
(737, '1', 'sample@email.tst', '/../..', 'g00dPa', '1', '1', 'user'),
(738, '1', 'test@localhost', 'mcpgiw', 'admin1', '1', '1', 'user'),
(739, '1', 'sample@email.tst', '.\\\\./.', 'g00dPa', '1', '1', 'user'),
(740, '1', 'test@localhost', 'mcpgiw', 'admin1', '1', '1', 'user'),
(741, '1', 'sample@email.tst', '/etc/p', 'g00dPa', '1', '1', 'user'),
(742, '1', 'test@localhost', 'mcpgiw', 'admin1', '1', '1', 'user'),
(743, '1', 'test@localhost', 'mcpgiw', 'adminp', '1', '1', 'user'),
(744, '1', 'sample@email.tst', '%2fetc', 'g00dPa', '1', '1', 'user'),
(745, '1', 'test@localhost', 'mcpgiw', '0admin', '1', '1', 'user'),
(746, '1', 'sample@email.tst', '/.././', 'g00dPa', '1', '1', 'user'),
(747, '1', 'sample@email.tst', '../../', 'g00dPa', '1', '1', 'user'),
(748, '1', 'test@localhost', 'mcpgiw', 'change', '1', '1', 'user'),
(749, '1', 'test@localhost', 'mcpgiw', 'change', '1', '1', 'user'),
(750, '1', 'test@localhost', 'mcpgiw', 'test', '1', '1', 'user'),
(751, '1', 'sample@email.tst', '../...', 'g00dPa', '1', '1', 'user'),
(752, '1', 'test@localhost', 'mcpgiw', 'tmp', '1', '1', 'user'),
(753, '1', 'sample@email.tst', '..??..', 'g00dPa', '1', '1', 'user'),
(754, '1', 'test@localhost', 'mcpgiw', 'prince', '1', '1', 'user'),
(755, '1', 'sample@email.tst', 'invali', 'g00dPa', '1', '1', 'user'),
(756, '1', 'test@localhost', 'mcpgiw', 'monkey', '1', '1', 'user'),
(757, '1', 'sample@email.tst', 'file:/', 'g00dPa', '1', '1', 'user'),
(758, '1', 'test@localhost', 'mcpgiw', 'tigger', '1', '1', 'user'),
(759, '1', 'sample@email.tst', '/\\../\\', 'g00dPa', '1', '1', 'user'),
(760, '1', 'sample@email.tst', 'WEB-IN', 'g00dPa', '1', '1', 'user'),
(761, '1', 'test@localhost', 'mcpgiw', 'admini', '1', '1', 'user'),
(762, '1', 'sample@email.tst', '/WEB-I', 'g00dPa', '1', '1', 'user'),
(763, '1', 'test@localhost', 'mcpgiw', 'Admini', '1', '1', 'user'),
(764, '1', 'sample@email.tst', 'WEB-IN', 'g00dPa', '1', '1', 'user'),
(765, '1', 'test@localhost', 'mcpgiw', 'root', '1', '1', 'user'),
(766, '1', 'sample@email.tst', '../../', 'g00dPa', '1', '1', 'user'),
(767, '1', 'test@localhost', 'mcpgiw', 'temp', '1', '1', 'user'),
(768, '1', 'sample@email.tst', '../../', 'g00dPa', '1', '1', 'user'),
(769, '1', 'sample@email.tst', '../../', 'g00dPa', '1', '1', 'user'),
(770, '1', 'test@localhost', 'mcpgiw', 'demo', '1', '1', 'user'),
(771, '1', 'sample@email.tst', '??????', 'g00dPa', '1', '1', 'user'),
(772, '1', 'test@localhost', 'mcpgiw', 'demo12', '1', '1', 'user'),
(773, '1', 'sample@email.tst', '......', 'g00dPa', '1', '1', 'user'),
(774, '1', 'test@localhost', 'mcpgiw', 'user', '1', '1', 'user'),
(775, '1', 'sample@email.tst', '..\\..\\', 'g00dPa', '1', '1', 'user'),
(776, '1', 'sample@email.tst', '/.\\\\./', 'g00dPa', '1', '1', 'user'),
(777, '1', 'sample@email.tst', '../../', 'g00dPa', '1', '1', 'user'),
(778, '1', 'test@localhost', 'mcpgiw', 'system', '1', '1', 'user'),
(779, '1', 'test@localhost', 'mcpgiw', 'manage', '1', '1', 'user'),
(780, '1', 'sample@email.tst', '../...', 'g00dPa', '1', '1', 'user'),
(781, '1', 'test@localhost', 'mcpgiw', 'guest', '1', '1', 'user'),
(782, '1', 'sample@email.tst', 'unexis', 'g00dPa', '1', '1', 'user'),
(783, '1', 'test@localhost', 'mcpgiw', 'asdf', '1', '1', 'user'),
(784, '1', 'sample@email.tst', 'WEB-IN', 'g00dPa', '1', '1', 'user'),
(785, '1', 'sample@email.tst', 'WEB-IN', 'g00dPa', '1', '1', 'user'),
(786, '1', 'test@localhost', 'mcpgiw', 'cisco', '1', '1', 'user'),
(787, '1', 'test@localhost', 'mcpgiw', 'defaul', '1', '1', 'user'),
(788, '1', 'test@localhost', 'mcpgiw', 'god', '1', '1', 'user'),
(789, '1', 'test@localhost', 'mcpgiw', 'ilovey', '1', '1', 'user'),
(790, '1', 'test@localhost', 'mcpgiw', 'letmei', '1', '1', 'user'),
(791, '1', 'test@localhost', 'mcpgiw', 'login', '1', '1', 'user'),
(792, '1', 'test@localhost', 'mcpgiw', 'love', '1', '1', 'user'),
(793, '1', 'test@localhost', 'mcpgiw', 'mail', '1', '1', 'user'),
(794, '1', 'test@localhost', 'mcpgiw', 'master', '1', '1', 'user'),
(795, '1', 'test@localhost', 'mcpgiw', 'newpas', '1', '1', 'user'),
(796, '1', 'test@localhost', 'mcpgiw', 'newuse', '1', '1', 'user'),
(797, '1', 'test@localhost', 'mcpgiw', 'none', '1', '1', 'user'),
(798, '1', 'test@localhost', 'mcpgiw', 'nopass', '1', '1', 'user'),
(799, '1', 'test@localhost', 'mcpgiw', 'pass', '1', '1', 'user'),
(800, '1', 'test@localhost', 'mcpgiw', 'passco', '1', '1', 'user'),
(801, '1', 'test@localhost', 'mcpgiw', 'passw0', '1', '1', 'user'),
(802, '1', 'test@localhost', 'mcpgiw', 'passwd', '1', '1', 'user'),
(803, '1', 'test@localhost', 'mcpgiw', 'passwo', '1', '1', 'user'),
(804, '1', 'test@localhost', 'mcpgiw', 'passwo', '1', '1', 'user'),
(805, '1', 'test@localhost', 'mcpgiw', 'Passwo', '1', '1', 'user'),
(806, '1', 'test@localhost', 'mcpgiw', 'Passw0', '1', '1', 'user'),
(807, '1', 'test@localhost', 'mcpgiw', 'pa$$wo', '1', '1', 'user'),
(808, '1', 'test@localhost', 'mcpgiw', 'p@sswo', '1', '1', 'user'),
(809, '1', 'test@localhost', 'mcpgiw', 'P@$$w0', '1', '1', 'user'),
(810, '1', 'test@localhost', 'mcpgiw', 'privat', '1', '1', 'user'),
(811, '1', 'test@localhost', 'mcpgiw', 'qwert', '1', '1', 'user'),
(812, '1', 'test@localhost', 'mcpgiw', 'qwerty', '1', '1', 'user'),
(813, '1', 'test@localhost', 'mcpgiw', 'tomcat', '1', '1', 'user'),
(814, '1', 'test@localhost', 'mcpgiw', 'read', '1', '1', 'user'),
(815, '1', 'test@localhost', 'mcpgiw', 'sa', '1', '1', 'user'),
(816, '1', 'test@localhost', 'mcpgiw', 'secret', '1', '1', 'user'),
(817, '1', 'test@localhost', 'mcpgiw', 'securi', '1', '1', 'user'),
(818, '1', 'test@localhost', 'mcpgiw', 'setup', '1', '1', 'user'),
(819, '1', 'test@localhost', 'mcpgiw', 'super', '1', '1', 'user'),
(820, '1', 'test@localhost', 'mcpgiw', 'superu', '1', '1', 'user'),
(821, '1', 'test@localhost', 'mcpgiw', 'sys', '1', '1', 'user'),
(822, '1', 'test@localhost', 'mcpgiw', 'sysadm', '1', '1', 'user'),
(823, '1', 'test@localhost', 'mcpgiw', 'sysadm', '1', '1', 'user'),
(824, '1', 'test@localhost', 'mcpgiw', 'tech', '1', '1', 'user'),
(825, '1', 'test@localhost', 'mcpgiw', 'test1', '1', '1', 'user'),
(826, '1', 'test@localhost', 'mcpgiw', 'tester', '1', '1', 'user'),
(827, '1', 'test@localhost', 'mcpgiw', 'test12', '1', '1', 'user'),
(828, '1', 'test@localhost', 'mcpgiw', 'trustn', '1', '1', 'user'),
(829, '1', 'test@localhost', 'mcpgiw', 'testin', '1', '1', 'user'),
(830, '1', 'test@localhost', 'mcpgiw', 'toor', '1', '1', 'user'),
(831, '1', 'test@localhost', 'mcpgiw', 'write', '1', '1', 'user'),
(832, '1', 'test@localhost', 'mcpgiw', 'xxx', '1', '1', 'user'),
(833, '1', 'test@localhost', 'mcpgiw', 'suppor', '1', '1', 'user'),
(834, '1', 'test@localhost', 'mcpgiw', 'mypass', '1', '1', 'user'),
(835, '1', 'test@localhost', 'mcpgiw', 'supera', '1', '1', 'user'),
(836, '1', 'test@localhost', 'mcpgiw', 'admina', '1', '1', 'user'),
(837, '1', 'test@localhost', 'mcpgiw', 'adminp', '1', '1', 'user'),
(838, '1', 'test@localhost', 'mcpgiw', 'localh', '1', '1', 'user'),
(839, '1', 'test@localhost', 'mcpgiw', 'localh', '1', '1', 'user'),
(840, '1', 'test@localhost', 'mcpgiw', 'undefi', '1', '1', 'user'),
(841, '1', 'tmp@localhost', 'mcpgiw', 'AfXNtp', '1', '1', 'user'),
(842, '1', 'tmp@localhost', 'mcpgiw', '1', '1', '1', 'user'),
(843, '1', 'tmp@localhost', 'mcpgiw', '000000', '1', '1', 'user'),
(844, '1', 'tmp@localhost', 'mcpgiw', '000000', '1', '1', 'user'),
(845, '1', 'tmp@localhost', 'mcpgiw', '000099', '1', '1', 'user'),
(846, '1', 'tmp@localhost', 'mcpgiw', '1111', '1', '1', 'user'),
(847, '1', 'tmp@localhost', 'mcpgiw', '111111', '1', '1', 'user'),
(848, '1', 'tmp@localhost', 'mcpgiw', '111111', '1', '1', 'user'),
(849, '1', 'tmp@localhost', 'mcpgiw', '111111', '1', '1', 'user'),
(850, '1', 'tmp@localhost', 'mcpgiw', '121212', '1', '1', 'user'),
(851, '1', 'tmp@localhost', 'mcpgiw', '112233', '1', '1', 'user'),
(852, '1', 'tmp@localhost', 'mcpgiw', '123123', '1', '1', 'user'),
(853, '1', 'tmp@localhost', 'mcpgiw', '12345a', '1', '1', 'user'),
(854, '1', 'tmp@localhost', 'mcpgiw', '12qwas', '1', '1', 'user'),
(855, '1', 'tmp@localhost', 'mcpgiw', '123qwe', '1', '1', 'user'),
(856, '1', 'tmp@localhost', 'mcpgiw', '1q2w3e', '1', '1', 'user'),
(857, '1', 'tmp@localhost', 'mcpgiw', '1q2w3e', '1', '1', 'user'),
(858, '1', 'tmp@localhost', 'mcpgiw', '123', '1', '1', 'user'),
(859, '1', 'tmp@localhost', 'mcpgiw', '1234', '1', '1', 'user'),
(860, '1', 'tmp@localhost', 'mcpgiw', '12345', '1', '1', 'user'),
(861, '1', 'tmp@localhost', 'mcpgiw', '123456', '1', '1', 'user'),
(862, '1', 'tmp@localhost', 'mcpgiw', '123456', '1', '1', 'user'),
(863, '1', 'tmp@localhost', 'mcpgiw', '123456', '1', '1', 'user'),
(864, '1', 'tmp@localhost', 'mcpgiw', '123456', '1', '1', 'user'),
(865, '1', 'tmp@localhost', 'mcpgiw', '666666', '1', '1', 'user'),
(866, '1', 'tmp@localhost', 'mcpgiw', '777777', '1', '1', 'user'),
(867, '1', 'tmp@localhost', 'mcpgiw', '888888', '1', '1', 'user'),
(868, '1', 'tmp@localhost', 'mcpgiw', '888888', '1', '1', 'user'),
(869, '1', 'tmp@localhost', 'mcpgiw', '555555', '1', '1', 'user'),
(870, '1', 'tmp@localhost', 'mcpgiw', '654321', '1', '1', 'user'),
(871, '1', 'tmp@localhost', 'mcpgiw', 'abc123', '1', '1', 'user'),
(872, '1', 'tmp@localhost', 'mcpgiw', 'admin', '1', '1', 'user'),
(873, '1', 'tmp@localhost', 'mcpgiw', '4dm1n', '1', '1', 'user'),
(874, '1', 'tmp@localhost', 'mcpgiw', 'adm1n', '1', '1', 'user'),
(875, '1', 'tmp@localhost', 'mcpgiw', 'admin1', '1', '1', 'user'),
(876, '1', 'tmp@localhost', 'mcpgiw', 'admin1', '1', '1', 'user'),
(877, '1', 'tmp@localhost', 'mcpgiw', 'admin1', '1', '1', 'user'),
(878, '1', 'tmp@localhost', 'mcpgiw', 'adminp', '1', '1', 'user'),
(879, '1', 'tmp@localhost', 'mcpgiw', '0admin', '1', '1', 'user'),
(880, '1', 'tmp@localhost', 'mcpgiw', 'change', '1', '1', 'user'),
(881, '1', 'tmp@localhost', 'mcpgiw', 'change', '1', '1', 'user'),
(882, '1', 'tmp@localhost', 'mcpgiw', 'test', '1', '1', 'user'),
(883, '1', 'tmp@localhost', 'mcpgiw', 'tmp', '1', '1', 'user'),
(884, '1', 'tmp@localhost', 'mcpgiw', 'prince', '1', '1', 'user'),
(885, '1', 'tmp@localhost', 'mcpgiw', 'monkey', '1', '1', 'user'),
(886, '1', 'tmp@localhost', 'mcpgiw', 'tigger', '1', '1', 'user'),
(887, '1', 'tmp@localhost', 'mcpgiw', 'admini', '1', '1', 'user'),
(888, '1', 'tmp@localhost', 'mcpgiw', 'Admini', '1', '1', 'user'),
(889, '1', 'tmp@localhost', 'mcpgiw', 'root', '1', '1', 'user'),
(890, '1', 'tmp@localhost', 'mcpgiw', 'temp', '1', '1', 'user'),
(891, '1', 'tmp@localhost', 'mcpgiw', 'demo', '1', '1', 'user'),
(892, '1', 'tmp@localhost', 'mcpgiw', 'demo12', '1', '1', 'user'),
(893, '1', 'tmp@localhost', 'mcpgiw', 'user', '1', '1', 'user'),
(894, '1', 'tmp@localhost', 'mcpgiw', 'system', '1', '1', 'user'),
(895, '1', 'tmp@localhost', 'mcpgiw', 'manage', '1', '1', 'user'),
(896, '1', 'tmp@localhost', 'mcpgiw', 'guest', '1', '1', 'user'),
(897, '1', 'tmp@localhost', 'mcpgiw', 'asdf', '1', '1', 'user'),
(898, '1', 'tmp@localhost', 'mcpgiw', 'cisco', '1', '1', 'user'),
(899, '1', 'tmp@localhost', 'mcpgiw', 'defaul', '1', '1', 'user'),
(900, '1', 'tmp@localhost', 'mcpgiw', 'god', '1', '1', 'user'),
(901, '1', 'tmp@localhost', 'mcpgiw', 'ilovey', '1', '1', 'user'),
(902, '1', 'tmp@localhost', 'mcpgiw', 'letmei', '1', '1', 'user'),
(903, '1', 'tmp@localhost', 'mcpgiw', 'login', '1', '1', 'user'),
(904, '1', 'tmp@localhost', 'mcpgiw', 'love', '1', '1', 'user'),
(905, '1', 'tmp@localhost', 'mcpgiw', 'mail', '1', '1', 'user'),
(906, '1', 'tmp@localhost', 'mcpgiw', 'master', '1', '1', 'user'),
(907, '1', 'tmp@localhost', 'mcpgiw', 'newpas', '1', '1', 'user'),
(908, '1', 'tmp@localhost', 'mcpgiw', 'newuse', '1', '1', 'user'),
(909, '1', 'tmp@localhost', 'mcpgiw', 'none', '1', '1', 'user'),
(910, '1', 'tmp@localhost', 'mcpgiw', 'nopass', '1', '1', 'user'),
(911, '1', 'tmp@localhost', 'mcpgiw', 'pass', '1', '1', 'user'),
(912, '1', 'tmp@localhost', 'mcpgiw', 'passco', '1', '1', 'user'),
(913, '1', 'tmp@localhost', 'mcpgiw', 'passw0', '1', '1', 'user'),
(914, '1', 'tmp@localhost', 'mcpgiw', 'passwd', '1', '1', 'user'),
(915, '1', 'tmp@localhost', 'mcpgiw', 'passwo', '1', '1', 'user'),
(916, '1', 'tmp@localhost', 'mcpgiw', 'passwo', '1', '1', 'user'),
(917, '1', 'tmp@localhost', 'mcpgiw', 'Passwo', '1', '1', 'user'),
(918, '1', 'tmp@localhost', 'mcpgiw', 'Passw0', '1', '1', 'user'),
(919, '1', 'tmp@localhost', 'mcpgiw', 'pa$$wo', '1', '1', 'user'),
(920, '1', 'tmp@localhost', 'mcpgiw', 'p@sswo', '1', '1', 'user'),
(921, '1', 'tmp@localhost', 'mcpgiw', 'P@$$w0', '1', '1', 'user'),
(922, '1', 'tmp@localhost', 'mcpgiw', 'privat', '1', '1', 'user'),
(923, '1', 'tmp@localhost', 'mcpgiw', 'qwert', '1', '1', 'user'),
(924, '1', 'tmp@localhost', 'mcpgiw', 'qwerty', '1', '1', 'user'),
(925, '1', 'tmp@localhost', 'mcpgiw', 'tomcat', '1', '1', 'user'),
(926, '1', 'tmp@localhost', 'mcpgiw', 'read', '1', '1', 'user'),
(927, '1', 'tmp@localhost', 'mcpgiw', 'sa', '1', '1', 'user'),
(928, '1', 'tmp@localhost', 'mcpgiw', 'secret', '1', '1', 'user'),
(929, '1', 'tmp@localhost', 'mcpgiw', 'securi', '1', '1', 'user'),
(930, '1', 'tmp@localhost', 'mcpgiw', 'setup', '1', '1', 'user'),
(931, '1', 'tmp@localhost', 'mcpgiw', 'super', '1', '1', 'user'),
(932, '1', 'tmp@localhost', 'mcpgiw', 'superu', '1', '1', 'user'),
(933, '1', 'tmp@localhost', 'mcpgiw', 'sys', '1', '1', 'user'),
(934, '1', 'tmp@localhost', 'mcpgiw', 'sysadm', '1', '1', 'user'),
(935, '1', 'tmp@localhost', 'mcpgiw', 'sysadm', '1', '1', 'user'),
(936, '1', 'tmp@localhost', 'mcpgiw', 'tech', '1', '1', 'user'),
(937, '1', 'tmp@localhost', 'mcpgiw', 'test1', '1', '1', 'user'),
(938, '1', 'tmp@localhost', 'mcpgiw', 'tester', '1', '1', 'user'),
(939, '1', 'tmp@localhost', 'mcpgiw', 'test12', '1', '1', 'user'),
(940, '1', 'tmp@localhost', 'mcpgiw', 'trustn', '1', '1', 'user'),
(941, '1', 'tmp@localhost', 'mcpgiw', 'testin', '1', '1', 'user'),
(942, '1', 'tmp@localhost', 'mcpgiw', 'toor', '1', '1', 'user'),
(943, '1', 'tmp@localhost', 'mcpgiw', 'write', '1', '1', 'user'),
(944, '1', 'tmp@localhost', 'mcpgiw', 'xxx', '1', '1', 'user'),
(945, '1', 'tmp@localhost', 'mcpgiw', 'suppor', '1', '1', 'user'),
(946, '1', 'tmp@localhost', 'mcpgiw', 'mypass', '1', '1', 'user'),
(947, '1', 'tmp@localhost', 'mcpgiw', 'supera', '1', '1', 'user'),
(948, '1', 'tmp@localhost', 'mcpgiw', 'admina', '1', '1', 'user'),
(949, '1', 'tmp@localhost', 'mcpgiw', 'adminp', '1', '1', 'user'),
(950, '1', 'tmp@localhost', 'mcpgiw', 'localh', '1', '1', 'user'),
(951, '1', 'tmp@localhost', 'mcpgiw', 'localh', '1', '1', 'user'),
(952, '1', 'tmp@localhost', 'mcpgiw', 'undefi', '1', '1', 'user'),
(953, '1', 'Administrator@localhost', 'mcpgiw', 'AfXNtp', '1', '1', 'user'),
(954, '1', 'Administrator@localhost', 'mcpgiw', '1', '1', '1', 'user'),
(955, '1', 'Administrator@localhost', 'mcpgiw', '000000', '1', '1', 'user'),
(956, '1', 'Administrator@localhost', 'mcpgiw', '000000', '1', '1', 'user'),
(957, '1', 'Administrator@localhost', 'mcpgiw', '000099', '1', '1', 'user'),
(958, '1', 'Administrator@localhost', 'mcpgiw', '1111', '1', '1', 'user'),
(959, '1', 'Administrator@localhost', 'mcpgiw', '111111', '1', '1', 'user'),
(960, '1', 'Administrator@localhost', 'mcpgiw', '111111', '1', '1', 'user'),
(961, '1', 'Administrator@localhost', 'mcpgiw', '111111', '1', '1', 'user'),
(962, '1', 'Administrator@localhost', 'mcpgiw', '121212', '1', '1', 'user'),
(963, '1', 'Administrator@localhost', 'mcpgiw', '112233', '1', '1', 'user'),
(964, '1', 'Administrator@localhost', 'mcpgiw', '123123', '1', '1', 'user'),
(965, '1', 'Administrator@localhost', 'mcpgiw', '12345a', '1', '1', 'user'),
(966, '1', 'Administrator@localhost', 'mcpgiw', '12qwas', '1', '1', 'user'),
(967, '1', 'Administrator@localhost', 'mcpgiw', '123qwe', '1', '1', 'user'),
(968, '1', 'Administrator@localhost', 'mcpgiw', '1q2w3e', '1', '1', 'user'),
(969, '1', 'Administrator@localhost', 'mcpgiw', '1q2w3e', '1', '1', 'user'),
(970, '1', 'Administrator@localhost', 'mcpgiw', '123', '1', '1', 'user'),
(971, '1', 'Administrator@localhost', 'mcpgiw', '1234', '1', '1', 'user'),
(972, '1', 'Administrator@localhost', 'mcpgiw', '12345', '1', '1', 'user'),
(973, '1', 'Administrator@localhost', 'mcpgiw', '123456', '1', '1', 'user'),
(974, '1', 'Administrator@localhost', 'mcpgiw', '123456', '1', '1', 'user'),
(975, '1', 'Administrator@localhost', 'mcpgiw', '123456', '1', '1', 'user'),
(976, '1', 'Administrator@localhost', 'mcpgiw', '123456', '1', '1', 'user'),
(977, '1', 'Administrator@localhost', 'mcpgiw', '666666', '1', '1', 'user'),
(978, '1', 'Administrator@localhost', 'mcpgiw', '777777', '1', '1', 'user'),
(979, '1', 'Administrator@localhost', 'mcpgiw', '888888', '1', '1', 'user'),
(980, '1', 'Administrator@localhost', 'mcpgiw', '888888', '1', '1', 'user'),
(981, '1', 'Administrator@localhost', 'mcpgiw', '555555', '1', '1', 'user'),
(982, '1', 'Administrator@localhost', 'mcpgiw', '654321', '1', '1', 'user'),
(983, '1', 'Administrator@localhost', 'mcpgiw', 'abc123', '1', '1', 'user'),
(984, '1', 'Administrator@localhost', 'mcpgiw', 'admin', '1', '1', 'user'),
(985, '1', 'Administrator@localhost', 'mcpgiw', '4dm1n', '1', '1', 'user'),
(986, '1', 'Administrator@localhost', 'mcpgiw', 'adm1n', '1', '1', 'user'),
(987, '1', 'Administrator@localhost', 'mcpgiw', 'admin1', '1', '1', 'user'),
(988, '1', 'Administrator@localhost', 'mcpgiw', 'admin1', '1', '1', 'user'),
(989, '1', 'Administrator@localhost', 'mcpgiw', 'admin1', '1', '1', 'user'),
(990, '1', 'Administrator@localhost', 'mcpgiw', 'adminp', '1', '1', 'user'),
(991, '1', 'Administrator@localhost', 'mcpgiw', '0admin', '1', '1', 'user'),
(992, '1', 'Administrator@localhost', 'mcpgiw', 'change', '1', '1', 'user'),
(993, '1', 'Administrator@localhost', 'mcpgiw', 'change', '1', '1', 'user'),
(994, '1', 'Administrator@localhost', 'mcpgiw', 'test', '1', '1', 'user'),
(995, '1', 'Administrator@localhost', 'mcpgiw', 'tmp', '1', '1', 'user'),
(996, '1', 'Administrator@localhost', 'mcpgiw', 'prince', '1', '1', 'user'),
(997, '1', 'Administrator@localhost', 'mcpgiw', 'monkey', '1', '1', 'user'),
(998, '1', 'Administrator@localhost', 'mcpgiw', 'tigger', '1', '1', 'user'),
(999, '1', 'Administrator@localhost', 'mcpgiw', 'admini', '1', '1', 'user'),
(1000, '1', 'Administrator@localhost', 'mcpgiw', 'Admini', '1', '1', 'user'),
(1001, '1', 'Administrator@localhost', 'mcpgiw', 'root', '1', '1', 'user'),
(1002, '1', 'Administrator@localhost', 'mcpgiw', 'temp', '1', '1', 'user'),
(1003, '1', 'Administrator@localhost', 'mcpgiw', 'demo', '1', '1', 'user'),
(1004, '1', 'Administrator@localhost', 'mcpgiw', 'demo12', '1', '1', 'user'),
(1005, '1', 'Administrator@localhost', 'mcpgiw', 'user', '1', '1', 'user'),
(1006, '1', 'Administrator@localhost', 'mcpgiw', 'system', '1', '1', 'user'),
(1007, '1', 'Administrator@localhost', 'mcpgiw', 'manage', '1', '1', 'user'),
(1008, '1', 'Administrator@localhost', 'mcpgiw', 'guest', '1', '1', 'user'),
(1009, '1', 'Administrator@localhost', 'mcpgiw', 'asdf', '1', '1', 'user'),
(1010, '1', 'Administrator@localhost', 'mcpgiw', 'cisco', '1', '1', 'user'),
(1011, '1', 'Administrator@localhost', 'mcpgiw', 'defaul', '1', '1', 'user'),
(1012, '1', 'Administrator@localhost', 'mcpgiw', 'god', '1', '1', 'user'),
(1013, '1', 'Administrator@localhost', 'mcpgiw', 'ilovey', '1', '1', 'user'),
(1014, '1', 'Administrator@localhost', 'mcpgiw', 'letmei', '1', '1', 'user'),
(1015, '1', 'Administrator@localhost', 'mcpgiw', 'login', '1', '1', 'user'),
(1016, '1', 'Administrator@localhost', 'mcpgiw', 'love', '1', '1', 'user'),
(1017, '1', 'Administrator@localhost', 'mcpgiw', 'mail', '1', '1', 'user'),
(1018, '1', 'Administrator@localhost', 'mcpgiw', 'master', '1', '1', 'user'),
(1019, '1', 'Administrator@localhost', 'mcpgiw', 'newpas', '1', '1', 'user'),
(1020, '1', 'Administrator@localhost', 'mcpgiw', 'newuse', '1', '1', 'user'),
(1021, '1', 'Administrator@localhost', 'mcpgiw', 'none', '1', '1', 'user'),
(1022, '1', 'Administrator@localhost', 'mcpgiw', 'nopass', '1', '1', 'user'),
(1023, '1', 'Administrator@localhost', 'mcpgiw', 'pass', '1', '1', 'user'),
(1024, '1', 'Administrator@localhost', 'mcpgiw', 'passco', '1', '1', 'user'),
(1025, '1', 'Administrator@localhost', 'mcpgiw', 'passw0', '1', '1', 'user'),
(1026, '1', 'Administrator@localhost', 'mcpgiw', 'passwd', '1', '1', 'user'),
(1027, '1', 'Administrator@localhost', 'mcpgiw', 'passwo', '1', '1', 'user'),
(1028, '1', 'Administrator@localhost', 'mcpgiw', 'passwo', '1', '1', 'user'),
(1029, '1', 'Administrator@localhost', 'mcpgiw', 'Passwo', '1', '1', 'user'),
(1030, '1', 'Administrator@localhost', 'mcpgiw', 'Passw0', '1', '1', 'user'),
(1031, '1', 'Administrator@localhost', 'mcpgiw', 'pa$$wo', '1', '1', 'user'),
(1032, '1', 'Administrator@localhost', 'mcpgiw', 'p@sswo', '1', '1', 'user'),
(1033, '1', 'Administrator@localhost', 'mcpgiw', 'P@$$w0', '1', '1', 'user'),
(1034, '1', 'Administrator@localhost', 'mcpgiw', 'privat', '1', '1', 'user'),
(1035, '1', 'Administrator@localhost', 'mcpgiw', 'qwert', '1', '1', 'user'),
(1036, '1', 'Administrator@localhost', 'mcpgiw', 'qwerty', '1', '1', 'user'),
(1037, '1', 'Administrator@localhost', 'mcpgiw', 'tomcat', '1', '1', 'user'),
(1038, '1', 'Administrator@localhost', 'mcpgiw', 'read', '1', '1', 'user'),
(1039, '1', 'Administrator@localhost', 'mcpgiw', 'sa', '1', '1', 'user'),
(1040, '1', 'Administrator@localhost', 'mcpgiw', 'secret', '1', '1', 'user'),
(1041, '1', 'Administrator@localhost', 'mcpgiw', 'securi', '1', '1', 'user'),
(1042, '1', 'Administrator@localhost', 'mcpgiw', 'setup', '1', '1', 'user'),
(1043, '1', 'Administrator@localhost', 'mcpgiw', 'super', '1', '1', 'user'),
(1044, '1', 'Administrator@localhost', 'mcpgiw', 'superu', '1', '1', 'user'),
(1045, '1', 'Administrator@localhost', 'mcpgiw', 'sys', '1', '1', 'user'),
(1046, '1', 'Administrator@localhost', 'mcpgiw', 'sysadm', '1', '1', 'user'),
(1047, '1', 'Administrator@localhost', 'mcpgiw', 'sysadm', '1', '1', 'user'),
(1048, '1', 'Administrator@localhost', 'mcpgiw', 'tech', '1', '1', 'user'),
(1049, '1', 'Administrator@localhost', 'mcpgiw', 'test1', '1', '1', 'user'),
(1050, '1', 'Administrator@localhost', 'mcpgiw', 'tester', '1', '1', 'user'),
(1051, '1', 'Administrator@localhost', 'mcpgiw', 'test12', '1', '1', 'user'),
(1052, '1', 'Administrator@localhost', 'mcpgiw', 'trustn', '1', '1', 'user'),
(1053, '1', 'Administrator@localhost', 'mcpgiw', 'testin', '1', '1', 'user'),
(1054, '1', 'Administrator@localhost', 'mcpgiw', 'toor', '1', '1', 'user'),
(1055, '1', 'Administrator@localhost', 'mcpgiw', 'write', '1', '1', 'user'),
(1056, '1', 'Administrator@localhost', 'mcpgiw', 'xxx', '1', '1', 'user'),
(1057, '1', 'Administrator@localhost', 'mcpgiw', 'suppor', '1', '1', 'user'),
(1058, '1', 'Administrator@localhost', 'mcpgiw', 'mypass', '1', '1', 'user'),
(1059, '1', 'Administrator@localhost', 'mcpgiw', 'supera', '1', '1', 'user'),
(1060, '1', 'Administrator@localhost', 'mcpgiw', 'admina', '1', '1', 'user'),
(1061, '1', 'Administrator@localhost', 'mcpgiw', 'adminp', '1', '1', 'user'),
(1062, '1', 'Administrator@localhost', 'mcpgiw', 'localh', '1', '1', 'user'),
(1063, '1', 'Administrator@localhost', 'mcpgiw', 'localh', '1', '1', 'user'),
(1064, '1', 'Administrator@localhost', 'mcpgiw', 'undefi', '1', '1', 'user'),
(1065, '1', 'root@localhost', 'mcpgiw', 'AfXNtp', '1', '1', 'user'),
(1066, '1', 'root@localhost', 'mcpgiw', '1', '1', '1', 'user'),
(1067, '1', 'root@localhost', 'mcpgiw', '000000', '1', '1', 'user'),
(1068, '1', 'root@localhost', 'mcpgiw', '000000', '1', '1', 'user'),
(1069, '1', 'root@localhost', 'mcpgiw', '000099', '1', '1', 'user'),
(1070, '1', 'root@localhost', 'mcpgiw', '1111', '1', '1', 'user'),
(1071, '1', 'root@localhost', 'mcpgiw', '111111', '1', '1', 'user'),
(1072, '1', 'root@localhost', 'mcpgiw', '111111', '1', '1', 'user'),
(1073, '1', 'root@localhost', 'mcpgiw', '111111', '1', '1', 'user'),
(1074, '1', 'root@localhost', 'mcpgiw', '121212', '1', '1', 'user'),
(1075, '1', 'root@localhost', 'mcpgiw', '112233', '1', '1', 'user'),
(1076, '1', 'root@localhost', 'mcpgiw', '123123', '1', '1', 'user'),
(1077, '1', 'root@localhost', 'mcpgiw', '12345a', '1', '1', 'user'),
(1078, '1', 'root@localhost', 'mcpgiw', '12qwas', '1', '1', 'user'),
(1079, '1', 'root@localhost', 'mcpgiw', '123qwe', '1', '1', 'user'),
(1080, '1', 'root@localhost', 'mcpgiw', '1q2w3e', '1', '1', 'user'),
(1081, '1', 'root@localhost', 'mcpgiw', '1q2w3e', '1', '1', 'user'),
(1082, '1', 'root@localhost', 'mcpgiw', '123', '1', '1', 'user'),
(1083, '1', 'root@localhost', 'mcpgiw', '1234', '1', '1', 'user'),
(1084, '1', 'root@localhost', 'mcpgiw', '12345', '1', '1', 'user'),
(1085, '1', 'root@localhost', 'mcpgiw', '123456', '1', '1', 'user'),
(1086, '1', 'root@localhost', 'mcpgiw', '123456', '1', '1', 'user'),
(1087, '1', 'root@localhost', 'mcpgiw', '123456', '1', '1', 'user'),
(1088, '1', 'root@localhost', 'mcpgiw', '123456', '1', '1', 'user'),
(1089, '1', 'root@localhost', 'mcpgiw', '666666', '1', '1', 'user'),
(1090, '1', 'root@localhost', 'mcpgiw', '777777', '1', '1', 'user'),
(1091, '1', 'root@localhost', 'mcpgiw', '888888', '1', '1', 'user'),
(1092, '1', 'root@localhost', 'mcpgiw', '888888', '1', '1', 'user'),
(1093, '1', 'root@localhost', 'mcpgiw', '555555', '1', '1', 'user'),
(1094, '1', 'root@localhost', 'mcpgiw', '654321', '1', '1', 'user'),
(1095, '1', 'root@localhost', 'mcpgiw', 'abc123', '1', '1', 'user'),
(1096, '1', 'root@localhost', 'mcpgiw', 'admin', '1', '1', 'user'),
(1097, '1', 'root@localhost', 'mcpgiw', '4dm1n', '1', '1', 'user'),
(1098, '1', 'root@localhost', 'mcpgiw', 'adm1n', '1', '1', 'user'),
(1099, '1', 'root@localhost', 'mcpgiw', 'admin1', '1', '1', 'user'),
(1100, '1', 'root@localhost', 'mcpgiw', 'admin1', '1', '1', 'user'),
(1101, '1', 'root@localhost', 'mcpgiw', 'admin1', '1', '1', 'user'),
(1102, '1', 'root@localhost', 'mcpgiw', 'adminp', '1', '1', 'user'),
(1103, '1', 'root@localhost', 'mcpgiw', '0admin', '1', '1', 'user'),
(1104, '1', 'root@localhost', 'mcpgiw', 'change', '1', '1', 'user'),
(1105, '1', 'root@localhost', 'mcpgiw', 'change', '1', '1', 'user'),
(1106, '1', 'root@localhost', 'mcpgiw', 'test', '1', '1', 'user'),
(1107, '1', 'root@localhost', 'mcpgiw', 'tmp', '1', '1', 'user'),
(1108, '1', 'root@localhost', 'mcpgiw', 'prince', '1', '1', 'user'),
(1109, '1', 'root@localhost', 'mcpgiw', 'monkey', '1', '1', 'user'),
(1110, '1', 'root@localhost', 'mcpgiw', 'tigger', '1', '1', 'user'),
(1111, '1', 'root@localhost', 'mcpgiw', 'admini', '1', '1', 'user'),
(1112, '1', 'root@localhost', 'mcpgiw', 'Admini', '1', '1', 'user'),
(1113, '1', 'root@localhost', 'mcpgiw', 'root', '1', '1', 'user'),
(1114, '1', 'root@localhost', 'mcpgiw', 'temp', '1', '1', 'user'),
(1115, '1', 'root@localhost', 'mcpgiw', 'demo', '1', '1', 'user'),
(1116, '1', 'root@localhost', 'mcpgiw', 'demo12', '1', '1', 'user'),
(1117, '1', 'root@localhost', 'mcpgiw', 'user', '1', '1', 'user'),
(1118, '1', 'root@localhost', 'mcpgiw', 'system', '1', '1', 'user'),
(1119, '1', 'root@localhost', 'mcpgiw', 'manage', '1', '1', 'user'),
(1120, '1', 'root@localhost', 'mcpgiw', 'guest', '1', '1', 'user'),
(1121, '1', 'root@localhost', 'mcpgiw', 'asdf', '1', '1', 'user'),
(1122, '1', 'root@localhost', 'mcpgiw', 'cisco', '1', '1', 'user'),
(1123, '1', 'root@localhost', 'mcpgiw', 'defaul', '1', '1', 'user'),
(1124, '1', 'root@localhost', 'mcpgiw', 'god', '1', '1', 'user'),
(1125, '1', 'root@localhost', 'mcpgiw', 'ilovey', '1', '1', 'user'),
(1126, '1', 'root@localhost', 'mcpgiw', 'letmei', '1', '1', 'user'),
(1127, '1', 'root@localhost', 'mcpgiw', 'login', '1', '1', 'user'),
(1128, '1', 'root@localhost', 'mcpgiw', 'love', '1', '1', 'user'),
(1129, '1', 'root@localhost', 'mcpgiw', 'mail', '1', '1', 'user'),
(1130, '1', 'root@localhost', 'mcpgiw', 'master', '1', '1', 'user'),
(1131, '1', 'root@localhost', 'mcpgiw', 'newpas', '1', '1', 'user'),
(1132, '1', 'root@localhost', 'mcpgiw', 'newuse', '1', '1', 'user'),
(1133, '1', 'root@localhost', 'mcpgiw', 'none', '1', '1', 'user'),
(1134, '1', 'root@localhost', 'mcpgiw', 'nopass', '1', '1', 'user'),
(1135, '1', 'root@localhost', 'mcpgiw', 'pass', '1', '1', 'user'),
(1136, '1', 'root@localhost', 'mcpgiw', 'passco', '1', '1', 'user'),
(1137, '1', 'root@localhost', 'mcpgiw', 'passw0', '1', '1', 'user'),
(1138, '1', 'root@localhost', 'mcpgiw', 'passwd', '1', '1', 'user'),
(1139, '1', 'root@localhost', 'mcpgiw', 'passwo', '1', '1', 'user'),
(1140, '1', 'root@localhost', 'mcpgiw', 'passwo', '1', '1', 'user'),
(1141, '1', 'root@localhost', 'mcpgiw', 'Passwo', '1', '1', 'user'),
(1142, '1', 'root@localhost', 'mcpgiw', 'Passw0', '1', '1', 'user'),
(1143, '1', 'root@localhost', 'mcpgiw', 'pa$$wo', '1', '1', 'user'),
(1144, '1', 'root@localhost', 'mcpgiw', 'p@sswo', '1', '1', 'user'),
(1145, '1', 'root@localhost', 'mcpgiw', 'P@$$w0', '1', '1', 'user'),
(1146, '1', 'root@localhost', 'mcpgiw', 'privat', '1', '1', 'user'),
(1147, '1', 'root@localhost', 'mcpgiw', 'qwert', '1', '1', 'user'),
(1148, '1', 'root@localhost', 'mcpgiw', 'qwerty', '1', '1', 'user'),
(1149, '1', 'root@localhost', 'mcpgiw', 'tomcat', '1', '1', 'user'),
(1150, '1', 'root@localhost', 'mcpgiw', 'read', '1', '1', 'user'),
(1151, '1', 'root@localhost', 'mcpgiw', 'sa', '1', '1', 'user'),
(1152, '1', 'root@localhost', 'mcpgiw', 'secret', '1', '1', 'user'),
(1153, '1', 'root@localhost', 'mcpgiw', 'securi', '1', '1', 'user'),
(1154, '1', 'root@localhost', 'mcpgiw', 'setup', '1', '1', 'user'),
(1155, '1', 'root@localhost', 'mcpgiw', 'super', '1', '1', 'user'),
(1156, '1', 'root@localhost', 'mcpgiw', 'superu', '1', '1', 'user'),
(1157, '1', 'root@localhost', 'mcpgiw', 'sys', '1', '1', 'user'),
(1158, '1', 'root@localhost', 'mcpgiw', 'sysadm', '1', '1', 'user'),
(1159, '1', 'root@localhost', 'mcpgiw', 'sysadm', '1', '1', 'user'),
(1160, '1', 'root@localhost', 'mcpgiw', 'tech', '1', '1', 'user'),
(1161, '1', 'root@localhost', 'mcpgiw', 'test1', '1', '1', 'user'),
(1162, '1', 'root@localhost', 'mcpgiw', 'tester', '1', '1', 'user'),
(1163, '1', 'root@localhost', 'mcpgiw', 'test12', '1', '1', 'user'),
(1164, '1', 'root@localhost', 'mcpgiw', 'trustn', '1', '1', 'user'),
(1165, '1', 'root@localhost', 'mcpgiw', 'testin', '1', '1', 'user'),
(1166, '1', 'root@localhost', 'mcpgiw', 'toor', '1', '1', 'user'),
(1167, '1', 'root@localhost', 'mcpgiw', 'write', '1', '1', 'user'),
(1168, '1', 'root@localhost', 'mcpgiw', 'xxx', '1', '1', 'user'),
(1169, '1', 'root@localhost', 'mcpgiw', 'suppor', '1', '1', 'user'),
(1170, '1', 'root@localhost', 'mcpgiw', 'mypass', '1', '1', 'user');
INSERT INTO `tbl_users` (`id_user`, `nama_lengkap`, `email`, `username`, `password`, `alamat`, `no_hp`, `title`) VALUES
(1171, '1', 'root@localhost', 'mcpgiw', 'supera', '1', '1', 'user'),
(1172, '1', 'root@localhost', 'mcpgiw', 'admina', '1', '1', 'user'),
(1173, '1', 'root@localhost', 'mcpgiw', 'adminp', '1', '1', 'user'),
(1174, '1', 'root@localhost', 'mcpgiw', 'localh', '1', '1', 'user'),
(1175, '1', 'root@localhost', 'mcpgiw', 'localh', '1', '1', 'user'),
(1176, '1', 'root@localhost', 'mcpgiw', 'undefi', '1', '1', 'user'),
(1177, '1', 'temp@localhost', 'mcpgiw', 'AfXNtp', '1', '1', 'user'),
(1178, '1', 'temp@localhost', 'mcpgiw', '1', '1', '1', 'user'),
(1179, '1', 'temp@localhost', 'mcpgiw', '000000', '1', '1', 'user'),
(1180, '1', 'temp@localhost', 'mcpgiw', '000000', '1', '1', 'user'),
(1181, '1', 'temp@localhost', 'mcpgiw', '000099', '1', '1', 'user'),
(1182, '1', 'temp@localhost', 'mcpgiw', '1111', '1', '1', 'user'),
(1183, '1', 'temp@localhost', 'mcpgiw', '111111', '1', '1', 'user'),
(1184, '1', 'temp@localhost', 'mcpgiw', '111111', '1', '1', 'user'),
(1185, '1', 'temp@localhost', 'mcpgiw', '111111', '1', '1', 'user'),
(1186, '1', 'temp@localhost', 'mcpgiw', '121212', '1', '1', 'user'),
(1187, '1', 'temp@localhost', 'mcpgiw', '112233', '1', '1', 'user'),
(1188, '1', 'temp@localhost', 'mcpgiw', '123123', '1', '1', 'user'),
(1189, '1', 'temp@localhost', 'mcpgiw', '12345a', '1', '1', 'user'),
(1190, '1', 'temp@localhost', 'mcpgiw', '12qwas', '1', '1', 'user'),
(1191, '1', 'temp@localhost', 'mcpgiw', '123qwe', '1', '1', 'user'),
(1192, '1', 'temp@localhost', 'mcpgiw', '1q2w3e', '1', '1', 'user'),
(1193, '1', 'temp@localhost', 'mcpgiw', '1q2w3e', '1', '1', 'user'),
(1194, '1', 'temp@localhost', 'mcpgiw', '123', '1', '1', 'user'),
(1195, '1', 'temp@localhost', 'mcpgiw', '1234', '1', '1', 'user'),
(1196, '1', 'temp@localhost', 'mcpgiw', '12345', '1', '1', 'user'),
(1197, '1', 'temp@localhost', 'mcpgiw', '123456', '1', '1', 'user'),
(1198, '1', 'temp@localhost', 'mcpgiw', '123456', '1', '1', 'user'),
(1199, '1', 'temp@localhost', 'mcpgiw', '123456', '1', '1', 'user'),
(1200, '1', 'temp@localhost', 'mcpgiw', '123456', '1', '1', 'user'),
(1201, '1', 'temp@localhost', 'mcpgiw', '666666', '1', '1', 'user'),
(1202, '1', 'temp@localhost', 'mcpgiw', '777777', '1', '1', 'user'),
(1203, '1', 'temp@localhost', 'mcpgiw', '888888', '1', '1', 'user'),
(1204, '1', 'temp@localhost', 'mcpgiw', '888888', '1', '1', 'user'),
(1205, '1', 'temp@localhost', 'mcpgiw', '555555', '1', '1', 'user'),
(1206, '1', 'temp@localhost', 'mcpgiw', '654321', '1', '1', 'user'),
(1207, '1', 'temp@localhost', 'mcpgiw', 'abc123', '1', '1', 'user'),
(1208, '1', 'temp@localhost', 'mcpgiw', 'admin', '1', '1', 'user'),
(1209, '1', 'temp@localhost', 'mcpgiw', '4dm1n', '1', '1', 'user'),
(1210, '1', 'temp@localhost', 'mcpgiw', 'adm1n', '1', '1', 'user'),
(1211, '1', 'temp@localhost', 'mcpgiw', 'admin1', '1', '1', 'user'),
(1212, '1', 'temp@localhost', 'mcpgiw', 'admin1', '1', '1', 'user'),
(1213, '1', 'temp@localhost', 'mcpgiw', 'admin1', '1', '1', 'user'),
(1214, '1', 'temp@localhost', 'mcpgiw', 'adminp', '1', '1', 'user'),
(1215, '1', 'temp@localhost', 'mcpgiw', '0admin', '1', '1', 'user'),
(1216, '1', 'temp@localhost', 'mcpgiw', 'change', '1', '1', 'user'),
(1217, '1', 'temp@localhost', 'mcpgiw', 'change', '1', '1', 'user'),
(1218, '1', 'temp@localhost', 'mcpgiw', 'test', '1', '1', 'user'),
(1219, '1', 'temp@localhost', 'mcpgiw', 'tmp', '1', '1', 'user'),
(1220, '1', 'temp@localhost', 'mcpgiw', 'prince', '1', '1', 'user'),
(1221, '1', 'temp@localhost', 'mcpgiw', 'monkey', '1', '1', 'user'),
(1222, '1', 'temp@localhost', 'mcpgiw', 'tigger', '1', '1', 'user'),
(1223, '1', 'temp@localhost', 'mcpgiw', 'admini', '1', '1', 'user'),
(1224, '1', 'temp@localhost', 'mcpgiw', 'Admini', '1', '1', 'user'),
(1225, '1', 'temp@localhost', 'mcpgiw', 'root', '1', '1', 'user'),
(1226, '1', 'temp@localhost', 'mcpgiw', 'temp', '1', '1', 'user'),
(1227, '1', 'temp@localhost', 'mcpgiw', 'demo', '1', '1', 'user'),
(1228, '1', 'temp@localhost', 'mcpgiw', 'demo12', '1', '1', 'user'),
(1229, '1', 'temp@localhost', 'mcpgiw', 'user', '1', '1', 'user'),
(1230, '1', 'temp@localhost', 'mcpgiw', 'system', '1', '1', 'user'),
(1231, '1', 'temp@localhost', 'mcpgiw', 'manage', '1', '1', 'user'),
(1232, '1', 'temp@localhost', 'mcpgiw', 'guest', '1', '1', 'user'),
(1233, '1', 'temp@localhost', 'mcpgiw', 'asdf', '1', '1', 'user'),
(1234, '1', 'temp@localhost', 'mcpgiw', 'cisco', '1', '1', 'user'),
(1235, '1', 'temp@localhost', 'mcpgiw', 'defaul', '1', '1', 'user'),
(1236, '1', 'temp@localhost', 'mcpgiw', 'god', '1', '1', 'user'),
(1237, '1', 'temp@localhost', 'mcpgiw', 'ilovey', '1', '1', 'user'),
(1238, '1', 'temp@localhost', 'mcpgiw', 'letmei', '1', '1', 'user'),
(1239, '1', 'temp@localhost', 'mcpgiw', 'login', '1', '1', 'user'),
(1240, '1', 'temp@localhost', 'mcpgiw', 'love', '1', '1', 'user'),
(1241, '1', 'temp@localhost', 'mcpgiw', 'mail', '1', '1', 'user'),
(1242, '1', 'temp@localhost', 'mcpgiw', 'master', '1', '1', 'user'),
(1243, '1', 'temp@localhost', 'mcpgiw', 'newpas', '1', '1', 'user'),
(1244, '1', 'temp@localhost', 'mcpgiw', 'newuse', '1', '1', 'user'),
(1245, '1', 'temp@localhost', 'mcpgiw', 'none', '1', '1', 'user'),
(1246, '1', 'temp@localhost', 'mcpgiw', 'nopass', '1', '1', 'user'),
(1247, '1', 'temp@localhost', 'mcpgiw', 'pass', '1', '1', 'user'),
(1248, '1', 'temp@localhost', 'mcpgiw', 'passco', '1', '1', 'user'),
(1249, '1', 'temp@localhost', 'mcpgiw', 'passw0', '1', '1', 'user'),
(1250, '1', 'temp@localhost', 'mcpgiw', 'passwd', '1', '1', 'user'),
(1251, '1', 'temp@localhost', 'mcpgiw', 'passwo', '1', '1', 'user'),
(1252, '1', 'temp@localhost', 'mcpgiw', 'passwo', '1', '1', 'user'),
(1253, '1', 'temp@localhost', 'mcpgiw', 'Passwo', '1', '1', 'user'),
(1254, '1', 'temp@localhost', 'mcpgiw', 'Passw0', '1', '1', 'user'),
(1255, '1', 'temp@localhost', 'mcpgiw', 'pa$$wo', '1', '1', 'user'),
(1256, '1', 'temp@localhost', 'mcpgiw', 'p@sswo', '1', '1', 'user'),
(1257, '1', 'temp@localhost', 'mcpgiw', 'P@$$w0', '1', '1', 'user'),
(1258, '1', 'temp@localhost', 'mcpgiw', 'privat', '1', '1', 'user'),
(1259, '1', 'temp@localhost', 'mcpgiw', 'qwert', '1', '1', 'user'),
(1260, '1', 'temp@localhost', 'mcpgiw', 'qwerty', '1', '1', 'user'),
(1261, '1', 'temp@localhost', 'mcpgiw', 'tomcat', '1', '1', 'user'),
(1262, '1', 'temp@localhost', 'mcpgiw', 'read', '1', '1', 'user'),
(1263, '1', 'temp@localhost', 'mcpgiw', 'sa', '1', '1', 'user'),
(1264, '1', 'temp@localhost', 'mcpgiw', 'secret', '1', '1', 'user'),
(1265, '1', 'temp@localhost', 'mcpgiw', 'securi', '1', '1', 'user'),
(1266, '1', 'temp@localhost', 'mcpgiw', 'setup', '1', '1', 'user'),
(1267, '1', 'temp@localhost', 'mcpgiw', 'super', '1', '1', 'user'),
(1268, '1', 'temp@localhost', 'mcpgiw', 'superu', '1', '1', 'user'),
(1269, '1', 'temp@localhost', 'mcpgiw', 'sys', '1', '1', 'user'),
(1270, '1', 'temp@localhost', 'mcpgiw', 'sysadm', '1', '1', 'user'),
(1271, '1', 'temp@localhost', 'mcpgiw', 'sysadm', '1', '1', 'user'),
(1272, '1', 'temp@localhost', 'mcpgiw', 'tech', '1', '1', 'user'),
(1273, '1', 'temp@localhost', 'mcpgiw', 'test1', '1', '1', 'user'),
(1274, '1', 'temp@localhost', 'mcpgiw', 'tester', '1', '1', 'user'),
(1275, '1', 'temp@localhost', 'mcpgiw', 'test12', '1', '1', 'user'),
(1276, '1', 'temp@localhost', 'mcpgiw', 'trustn', '1', '1', 'user'),
(1277, '1', 'temp@localhost', 'mcpgiw', 'testin', '1', '1', 'user'),
(1278, '1', 'temp@localhost', 'mcpgiw', 'toor', '1', '1', 'user'),
(1279, '1', 'temp@localhost', 'mcpgiw', 'write', '1', '1', 'user'),
(1280, '1', 'temp@localhost', 'mcpgiw', 'xxx', '1', '1', 'user'),
(1281, '1', 'temp@localhost', 'mcpgiw', 'suppor', '1', '1', 'user'),
(1282, '1', 'temp@localhost', 'mcpgiw', 'mypass', '1', '1', 'user'),
(1283, '1', 'temp@localhost', 'mcpgiw', 'supera', '1', '1', 'user'),
(1284, '1', 'temp@localhost', 'mcpgiw', 'admina', '1', '1', 'user'),
(1285, '1', 'temp@localhost', 'mcpgiw', 'adminp', '1', '1', 'user'),
(1286, '1', 'temp@localhost', 'mcpgiw', 'localh', '1', '1', 'user'),
(1287, '1', 'temp@localhost', 'mcpgiw', 'localh', '1', '1', 'user'),
(1288, '1', 'temp@localhost', 'mcpgiw', 'undefi', '1', '1', 'user'),
(1289, '1', 'demo@localhost', 'mcpgiw', 'AfXNtp', '1', '1', 'user'),
(1290, '1', 'demo@localhost', 'mcpgiw', '1', '1', '1', 'user'),
(1291, '1', 'demo@localhost', 'mcpgiw', '000000', '1', '1', 'user'),
(1292, '1', 'demo@localhost', 'mcpgiw', '000000', '1', '1', 'user'),
(1293, '1', 'demo@localhost', 'mcpgiw', '000099', '1', '1', 'user'),
(1294, '1', 'demo@localhost', 'mcpgiw', '1111', '1', '1', 'user'),
(1295, '1', 'demo@localhost', 'mcpgiw', '111111', '1', '1', 'user'),
(1296, '1', 'demo@localhost', 'mcpgiw', '111111', '1', '1', 'user'),
(1297, '1', 'demo@localhost', 'mcpgiw', '111111', '1', '1', 'user'),
(1298, '1', 'demo@localhost', 'mcpgiw', '121212', '1', '1', 'user'),
(1299, '1', 'demo@localhost', 'mcpgiw', '112233', '1', '1', 'user'),
(1300, '1', 'demo@localhost', 'mcpgiw', '123123', '1', '1', 'user'),
(1301, '1', 'demo@localhost', 'mcpgiw', '12345a', '1', '1', 'user'),
(1302, '1', 'demo@localhost', 'mcpgiw', '12qwas', '1', '1', 'user'),
(1303, '1', 'demo@localhost', 'mcpgiw', '123qwe', '1', '1', 'user'),
(1304, '1', 'demo@localhost', 'mcpgiw', '1q2w3e', '1', '1', 'user'),
(1305, '1', 'demo@localhost', 'mcpgiw', '1q2w3e', '1', '1', 'user'),
(1306, '1', 'demo@localhost', 'mcpgiw', '123', '1', '1', 'user'),
(1307, '1', 'demo@localhost', 'mcpgiw', '1234', '1', '1', 'user'),
(1308, '1', 'demo@localhost', 'mcpgiw', '12345', '1', '1', 'user'),
(1309, '1', 'demo@localhost', 'mcpgiw', '123456', '1', '1', 'user'),
(1310, '1', 'demo@localhost', 'mcpgiw', '123456', '1', '1', 'user'),
(1311, '1', 'demo@localhost', 'mcpgiw', '123456', '1', '1', 'user'),
(1312, '1', 'demo@localhost', 'mcpgiw', '123456', '1', '1', 'user'),
(1313, '1', 'demo@localhost', 'mcpgiw', '666666', '1', '1', 'user'),
(1314, '1', 'demo@localhost', 'mcpgiw', '777777', '1', '1', 'user'),
(1315, '1', 'demo@localhost', 'mcpgiw', '888888', '1', '1', 'user'),
(1316, '1', 'demo@localhost', 'mcpgiw', '888888', '1', '1', 'user'),
(1317, '1', 'demo@localhost', 'mcpgiw', '555555', '1', '1', 'user'),
(1318, '1', 'demo@localhost', 'mcpgiw', '654321', '1', '1', 'user'),
(1319, '1', 'demo@localhost', 'mcpgiw', 'abc123', '1', '1', 'user'),
(1320, '1', 'demo@localhost', 'mcpgiw', 'admin', '1', '1', 'user'),
(1321, '1', 'demo@localhost', 'mcpgiw', '4dm1n', '1', '1', 'user'),
(1322, '1', 'demo@localhost', 'mcpgiw', 'adm1n', '1', '1', 'user'),
(1323, '1', 'demo@localhost', 'mcpgiw', 'admin1', '1', '1', 'user'),
(1324, '1', 'demo@localhost', 'mcpgiw', 'admin1', '1', '1', 'user'),
(1325, '1', 'demo@localhost', 'mcpgiw', 'admin1', '1', '1', 'user'),
(1326, '1', 'demo@localhost', 'mcpgiw', 'adminp', '1', '1', 'user'),
(1327, '1', 'demo@localhost', 'mcpgiw', '0admin', '1', '1', 'user'),
(1328, '1', 'demo@localhost', 'mcpgiw', 'change', '1', '1', 'user'),
(1329, '1', 'demo@localhost', 'mcpgiw', 'change', '1', '1', 'user'),
(1330, '1', 'demo@localhost', 'mcpgiw', 'test', '1', '1', 'user'),
(1331, '1', 'demo@localhost', 'mcpgiw', 'tmp', '1', '1', 'user'),
(1332, '1', 'demo@localhost', 'mcpgiw', 'prince', '1', '1', 'user'),
(1333, '1', 'demo@localhost', 'mcpgiw', 'monkey', '1', '1', 'user'),
(1334, '1', 'demo@localhost', 'mcpgiw', 'tigger', '1', '1', 'user'),
(1335, '1', 'demo@localhost', 'mcpgiw', 'admini', '1', '1', 'user'),
(1336, '1', 'demo@localhost', 'mcpgiw', 'Admini', '1', '1', 'user'),
(1337, '1', 'demo@localhost', 'mcpgiw', 'root', '1', '1', 'user'),
(1338, '1', 'demo@localhost', 'mcpgiw', 'temp', '1', '1', 'user'),
(1339, '1', 'demo@localhost', 'mcpgiw', 'demo', '1', '1', 'user'),
(1340, '1', 'demo@localhost', 'mcpgiw', 'demo12', '1', '1', 'user'),
(1341, '1', 'demo@localhost', 'mcpgiw', 'user', '1', '1', 'user'),
(1342, '1', 'demo@localhost', 'mcpgiw', 'system', '1', '1', 'user'),
(1343, '1', 'demo@localhost', 'mcpgiw', 'manage', '1', '1', 'user'),
(1344, '1', 'demo@localhost', 'mcpgiw', 'guest', '1', '1', 'user'),
(1345, '1', 'demo@localhost', 'mcpgiw', 'asdf', '1', '1', 'user'),
(1346, '1', 'demo@localhost', 'mcpgiw', 'cisco', '1', '1', 'user'),
(1347, '1', 'demo@localhost', 'mcpgiw', 'defaul', '1', '1', 'user'),
(1348, '1', 'demo@localhost', 'mcpgiw', 'god', '1', '1', 'user'),
(1349, '1', 'demo@localhost', 'mcpgiw', 'ilovey', '1', '1', 'user'),
(1350, '1', 'demo@localhost', 'mcpgiw', 'letmei', '1', '1', 'user'),
(1351, '1', 'demo@localhost', 'mcpgiw', 'login', '1', '1', 'user'),
(1352, '1', 'demo@localhost', 'mcpgiw', 'love', '1', '1', 'user'),
(1353, '1', 'demo@localhost', 'mcpgiw', 'mail', '1', '1', 'user'),
(1354, '1', 'demo@localhost', 'mcpgiw', 'master', '1', '1', 'user'),
(1355, '1', 'demo@localhost', 'mcpgiw', 'newpas', '1', '1', 'user'),
(1356, '1', 'demo@localhost', 'mcpgiw', 'newuse', '1', '1', 'user'),
(1357, '1', 'demo@localhost', 'mcpgiw', 'none', '1', '1', 'user'),
(1358, '1', 'demo@localhost', 'mcpgiw', 'nopass', '1', '1', 'user'),
(1359, '1', 'demo@localhost', 'mcpgiw', 'pass', '1', '1', 'user'),
(1360, '1', 'demo@localhost', 'mcpgiw', 'passco', '1', '1', 'user'),
(1361, '1', 'demo@localhost', 'mcpgiw', 'passw0', '1', '1', 'user'),
(1362, '1', 'demo@localhost', 'mcpgiw', 'passwd', '1', '1', 'user'),
(1363, '1', 'demo@localhost', 'mcpgiw', 'passwo', '1', '1', 'user'),
(1364, '1', 'demo@localhost', 'mcpgiw', 'passwo', '1', '1', 'user'),
(1365, '1', 'demo@localhost', 'mcpgiw', 'Passwo', '1', '1', 'user'),
(1366, '1', 'demo@localhost', 'mcpgiw', 'Passw0', '1', '1', 'user'),
(1367, '1', 'demo@localhost', 'mcpgiw', 'pa$$wo', '1', '1', 'user'),
(1368, '1', 'demo@localhost', 'mcpgiw', 'p@sswo', '1', '1', 'user'),
(1369, '1', 'demo@localhost', 'mcpgiw', 'P@$$w0', '1', '1', 'user'),
(1370, '1', 'demo@localhost', 'mcpgiw', 'privat', '1', '1', 'user'),
(1371, '1', 'demo@localhost', 'mcpgiw', 'qwert', '1', '1', 'user'),
(1372, '1', 'demo@localhost', 'mcpgiw', 'qwerty', '1', '1', 'user'),
(1373, '1', 'demo@localhost', 'mcpgiw', 'tomcat', '1', '1', 'user'),
(1374, '1', 'demo@localhost', 'mcpgiw', 'read', '1', '1', 'user'),
(1375, '1', 'demo@localhost', 'mcpgiw', 'sa', '1', '1', 'user'),
(1376, '1', 'demo@localhost', 'mcpgiw', 'secret', '1', '1', 'user'),
(1377, '1', 'demo@localhost', 'mcpgiw', 'securi', '1', '1', 'user'),
(1378, '1', 'demo@localhost', 'mcpgiw', 'setup', '1', '1', 'user'),
(1379, '1', 'demo@localhost', 'mcpgiw', 'super', '1', '1', 'user'),
(1380, '1', 'demo@localhost', 'mcpgiw', 'superu', '1', '1', 'user'),
(1381, '1', 'demo@localhost', 'mcpgiw', 'sys', '1', '1', 'user'),
(1382, '1', 'demo@localhost', 'mcpgiw', 'sysadm', '1', '1', 'user'),
(1383, '1', 'demo@localhost', 'mcpgiw', 'sysadm', '1', '1', 'user'),
(1384, '1', 'demo@localhost', 'mcpgiw', 'tech', '1', '1', 'user'),
(1385, '1', 'demo@localhost', 'mcpgiw', 'test1', '1', '1', 'user'),
(1386, '1', 'demo@localhost', 'mcpgiw', 'tester', '1', '1', 'user'),
(1387, '1', 'demo@localhost', 'mcpgiw', 'test12', '1', '1', 'user'),
(1388, '1', 'demo@localhost', 'mcpgiw', 'trustn', '1', '1', 'user'),
(1389, '1', 'demo@localhost', 'mcpgiw', 'testin', '1', '1', 'user'),
(1390, '1', 'demo@localhost', 'mcpgiw', 'toor', '1', '1', 'user'),
(1391, '1', 'demo@localhost', 'mcpgiw', 'write', '1', '1', 'user'),
(1392, '1', 'demo@localhost', 'mcpgiw', 'xxx', '1', '1', 'user'),
(1393, '1', 'demo@localhost', 'mcpgiw', 'suppor', '1', '1', 'user'),
(1394, '1', 'demo@localhost', 'mcpgiw', 'mypass', '1', '1', 'user'),
(1395, '1', 'demo@localhost', 'mcpgiw', 'supera', '1', '1', 'user'),
(1396, '1', 'demo@localhost', 'mcpgiw', 'admina', '1', '1', 'user'),
(1397, '1', 'demo@localhost', 'mcpgiw', 'adminp', '1', '1', 'user'),
(1398, '1', 'demo@localhost', 'mcpgiw', 'localh', '1', '1', 'user'),
(1399, '1', 'demo@localhost', 'mcpgiw', 'localh', '1', '1', 'user'),
(1400, '1', 'demo@localhost', 'mcpgiw', 'undefi', '1', '1', 'user'),
(1401, '1', 'user@localhost', 'mcpgiw', 'AfXNtp', '1', '1', 'user'),
(1402, '1', 'user@localhost', 'mcpgiw', '1', '1', '1', 'user'),
(1403, '1', 'user@localhost', 'mcpgiw', '000000', '1', '1', 'user'),
(1404, '1', 'user@localhost', 'mcpgiw', '000000', '1', '1', 'user'),
(1405, '1', 'user@localhost', 'mcpgiw', '000099', '1', '1', 'user'),
(1406, '1', 'user@localhost', 'mcpgiw', '1111', '1', '1', 'user'),
(1407, '1', 'user@localhost', 'mcpgiw', '111111', '1', '1', 'user'),
(1408, '1', 'user@localhost', 'mcpgiw', '111111', '1', '1', 'user'),
(1409, '1', 'user@localhost', 'mcpgiw', '111111', '1', '1', 'user'),
(1410, '1', 'user@localhost', 'mcpgiw', '121212', '1', '1', 'user'),
(1411, '1', 'user@localhost', 'mcpgiw', '112233', '1', '1', 'user'),
(1412, '1', 'user@localhost', 'mcpgiw', '123123', '1', '1', 'user'),
(1413, '1', 'user@localhost', 'mcpgiw', '12345a', '1', '1', 'user'),
(1414, '1', 'user@localhost', 'mcpgiw', '12qwas', '1', '1', 'user'),
(1415, '1', 'user@localhost', 'mcpgiw', '123qwe', '1', '1', 'user'),
(1416, '1', 'user@localhost', 'mcpgiw', '1q2w3e', '1', '1', 'user'),
(1417, '1', 'user@localhost', 'mcpgiw', '1q2w3e', '1', '1', 'user'),
(1418, '1', 'user@localhost', 'mcpgiw', '123', '1', '1', 'user'),
(1419, '1', 'user@localhost', 'mcpgiw', '1234', '1', '1', 'user'),
(1420, '1', 'user@localhost', 'mcpgiw', '12345', '1', '1', 'user'),
(1421, '1', 'user@localhost', 'mcpgiw', '123456', '1', '1', 'user'),
(1422, '1', 'user@localhost', 'mcpgiw', '123456', '1', '1', 'user'),
(1423, '1', 'user@localhost', 'mcpgiw', '123456', '1', '1', 'user'),
(1424, '1', 'user@localhost', 'mcpgiw', '123456', '1', '1', 'user'),
(1425, '1', 'user@localhost', 'mcpgiw', '666666', '1', '1', 'user'),
(1426, '1', 'user@localhost', 'mcpgiw', '777777', '1', '1', 'user'),
(1427, '1', 'user@localhost', 'mcpgiw', '888888', '1', '1', 'user'),
(1428, '1', 'user@localhost', 'mcpgiw', '888888', '1', '1', 'user'),
(1429, '1', 'user@localhost', 'mcpgiw', '555555', '1', '1', 'user'),
(1430, '1', 'user@localhost', 'mcpgiw', '654321', '1', '1', 'user'),
(1431, '1', 'user@localhost', 'mcpgiw', 'abc123', '1', '1', 'user'),
(1432, '1', 'user@localhost', 'mcpgiw', 'admin', '1', '1', 'user'),
(1433, '1', 'user@localhost', 'mcpgiw', '4dm1n', '1', '1', 'user'),
(1434, '1', 'user@localhost', 'mcpgiw', 'adm1n', '1', '1', 'user'),
(1435, '1', 'user@localhost', 'mcpgiw', 'admin1', '1', '1', 'user'),
(1436, '1', 'user@localhost', 'mcpgiw', 'admin1', '1', '1', 'user'),
(1437, '1', 'user@localhost', 'mcpgiw', 'admin1', '1', '1', 'user'),
(1438, '1', 'user@localhost', 'mcpgiw', 'adminp', '1', '1', 'user'),
(1439, '1', 'user@localhost', 'mcpgiw', '0admin', '1', '1', 'user'),
(1440, '1', 'user@localhost', 'mcpgiw', 'change', '1', '1', 'user'),
(1441, '1', 'user@localhost', 'mcpgiw', 'change', '1', '1', 'user'),
(1442, '1', 'user@localhost', 'mcpgiw', 'test', '1', '1', 'user'),
(1443, '1', 'user@localhost', 'mcpgiw', 'tmp', '1', '1', 'user'),
(1444, '1', 'user@localhost', 'mcpgiw', 'prince', '1', '1', 'user'),
(1445, '1', 'user@localhost', 'mcpgiw', 'monkey', '1', '1', 'user'),
(1446, '1', 'user@localhost', 'mcpgiw', 'tigger', '1', '1', 'user'),
(1447, '1', 'user@localhost', 'mcpgiw', 'admini', '1', '1', 'user'),
(1448, '1', 'user@localhost', 'mcpgiw', 'Admini', '1', '1', 'user'),
(1449, '1', 'user@localhost', 'mcpgiw', 'root', '1', '1', 'user'),
(1450, '1', 'user@localhost', 'mcpgiw', 'temp', '1', '1', 'user'),
(1451, '1', 'user@localhost', 'mcpgiw', 'demo', '1', '1', 'user'),
(1452, '1', 'user@localhost', 'mcpgiw', 'demo12', '1', '1', 'user'),
(1453, '1', 'user@localhost', 'mcpgiw', 'user', '1', '1', 'user'),
(1454, '1', 'user@localhost', 'mcpgiw', 'system', '1', '1', 'user'),
(1455, '1', 'user@localhost', 'mcpgiw', 'manage', '1', '1', 'user'),
(1456, '1', 'user@localhost', 'mcpgiw', 'guest', '1', '1', 'user'),
(1457, '1', 'user@localhost', 'mcpgiw', 'asdf', '1', '1', 'user'),
(1458, '1', 'user@localhost', 'mcpgiw', 'cisco', '1', '1', 'user'),
(1459, '1', 'user@localhost', 'mcpgiw', 'defaul', '1', '1', 'user'),
(1460, '1', 'user@localhost', 'mcpgiw', 'god', '1', '1', 'user'),
(1461, '1', 'user@localhost', 'mcpgiw', 'ilovey', '1', '1', 'user'),
(1462, '1', 'user@localhost', 'mcpgiw', 'letmei', '1', '1', 'user'),
(1463, '1', 'user@localhost', 'mcpgiw', 'login', '1', '1', 'user'),
(1464, '1', 'user@localhost', 'mcpgiw', 'love', '1', '1', 'user'),
(1465, '1', 'user@localhost', 'mcpgiw', 'mail', '1', '1', 'user'),
(1466, '1', 'user@localhost', 'mcpgiw', 'master', '1', '1', 'user'),
(1467, '1', 'user@localhost', 'mcpgiw', 'newpas', '1', '1', 'user'),
(1468, '1', 'user@localhost', 'mcpgiw', 'newuse', '1', '1', 'user'),
(1469, '1', 'user@localhost', 'mcpgiw', 'none', '1', '1', 'user'),
(1470, '1', 'user@localhost', 'mcpgiw', 'nopass', '1', '1', 'user'),
(1471, '1', 'user@localhost', 'mcpgiw', 'pass', '1', '1', 'user'),
(1472, '1', 'user@localhost', 'mcpgiw', 'passco', '1', '1', 'user'),
(1473, '1', 'user@localhost', 'mcpgiw', 'passw0', '1', '1', 'user'),
(1474, '1', 'user@localhost', 'mcpgiw', 'passwd', '1', '1', 'user'),
(1475, '1', 'user@localhost', 'mcpgiw', 'passwo', '1', '1', 'user'),
(1476, '1', 'user@localhost', 'mcpgiw', 'passwo', '1', '1', 'user'),
(1477, '1', 'user@localhost', 'mcpgiw', 'Passwo', '1', '1', 'user'),
(1478, '1', 'user@localhost', 'mcpgiw', 'Passw0', '1', '1', 'user'),
(1479, '1', 'user@localhost', 'mcpgiw', 'pa$$wo', '1', '1', 'user'),
(1480, '1', 'user@localhost', 'mcpgiw', 'p@sswo', '1', '1', 'user'),
(1481, '1', 'user@localhost', 'mcpgiw', 'P@$$w0', '1', '1', 'user'),
(1482, '1', 'user@localhost', 'mcpgiw', 'privat', '1', '1', 'user'),
(1483, '1', 'user@localhost', 'mcpgiw', 'qwert', '1', '1', 'user'),
(1484, '1', 'user@localhost', 'mcpgiw', 'qwerty', '1', '1', 'user'),
(1485, '1', 'user@localhost', 'mcpgiw', 'tomcat', '1', '1', 'user'),
(1486, '1', 'user@localhost', 'mcpgiw', 'read', '1', '1', 'user'),
(1487, '1', 'user@localhost', 'mcpgiw', 'sa', '1', '1', 'user'),
(1488, '1', 'user@localhost', 'mcpgiw', 'secret', '1', '1', 'user'),
(1489, '1', 'user@localhost', 'mcpgiw', 'securi', '1', '1', 'user'),
(1490, '1', 'user@localhost', 'mcpgiw', 'setup', '1', '1', 'user'),
(1491, '1', 'user@localhost', 'mcpgiw', 'super', '1', '1', 'user'),
(1492, '1', 'user@localhost', 'mcpgiw', 'superu', '1', '1', 'user'),
(1493, '1', 'user@localhost', 'mcpgiw', 'sys', '1', '1', 'user'),
(1494, '1', 'user@localhost', 'mcpgiw', 'sysadm', '1', '1', 'user'),
(1495, '1', 'user@localhost', 'mcpgiw', 'sysadm', '1', '1', 'user'),
(1496, '1', 'user@localhost', 'mcpgiw', 'tech', '1', '1', 'user'),
(1497, '1', 'user@localhost', 'mcpgiw', 'test1', '1', '1', 'user'),
(1498, '1', 'user@localhost', 'mcpgiw', 'tester', '1', '1', 'user'),
(1499, '1', 'user@localhost', 'mcpgiw', 'test12', '1', '1', 'user'),
(1500, '1', 'user@localhost', 'mcpgiw', 'trustn', '1', '1', 'user'),
(1501, '1', 'user@localhost', 'mcpgiw', 'testin', '1', '1', 'user'),
(1502, '1', 'user@localhost', 'mcpgiw', 'toor', '1', '1', 'user'),
(1503, '1', 'user@localhost', 'mcpgiw', 'write', '1', '1', 'user'),
(1504, '1', 'user@localhost', 'mcpgiw', 'xxx', '1', '1', 'user'),
(1505, '1', 'user@localhost', 'mcpgiw', 'suppor', '1', '1', 'user'),
(1506, '1', 'user@localhost', 'mcpgiw', 'mypass', '1', '1', 'user'),
(1507, '1', 'user@localhost', 'mcpgiw', 'supera', '1', '1', 'user'),
(1508, '1', 'user@localhost', 'mcpgiw', 'admina', '1', '1', 'user'),
(1509, '1', 'user@localhost', 'mcpgiw', 'adminp', '1', '1', 'user'),
(1510, '1', 'user@localhost', 'mcpgiw', 'localh', '1', '1', 'user'),
(1511, '1', 'user@localhost', 'mcpgiw', 'localh', '1', '1', 'user'),
(1512, '1', 'user@localhost', 'mcpgiw', 'undefi', '1', '1', 'user'),
(1513, '1', 'system@localhost', 'mcpgiw', 'AfXNtp', '1', '1', 'user'),
(1514, '1', 'system@localhost', 'mcpgiw', '1', '1', '1', 'user'),
(1515, '1', 'system@localhost', 'mcpgiw', '000000', '1', '1', 'user'),
(1516, '1', 'system@localhost', 'mcpgiw', '000000', '1', '1', 'user'),
(1517, '1', 'system@localhost', 'mcpgiw', '000099', '1', '1', 'user'),
(1518, '1', 'system@localhost', 'mcpgiw', '1111', '1', '1', 'user'),
(1519, '1', 'system@localhost', 'mcpgiw', '111111', '1', '1', 'user'),
(1520, '1', 'system@localhost', 'mcpgiw', '111111', '1', '1', 'user'),
(1521, '1', 'system@localhost', 'mcpgiw', '111111', '1', '1', 'user'),
(1522, '1', 'system@localhost', 'mcpgiw', '121212', '1', '1', 'user'),
(1523, '1', 'system@localhost', 'mcpgiw', '112233', '1', '1', 'user'),
(1524, '1', 'system@localhost', 'mcpgiw', '123123', '1', '1', 'user'),
(1525, '1', 'system@localhost', 'mcpgiw', '12345a', '1', '1', 'user'),
(1526, '1', 'system@localhost', 'mcpgiw', '12qwas', '1', '1', 'user'),
(1527, '1', 'system@localhost', 'mcpgiw', '123qwe', '1', '1', 'user'),
(1528, '1', 'system@localhost', 'mcpgiw', '1q2w3e', '1', '1', 'user'),
(1529, '1', 'system@localhost', 'mcpgiw', '1q2w3e', '1', '1', 'user'),
(1530, '1', 'system@localhost', 'mcpgiw', '123', '1', '1', 'user'),
(1531, '1', 'system@localhost', 'mcpgiw', '1234', '1', '1', 'user'),
(1532, '1', 'system@localhost', 'mcpgiw', '12345', '1', '1', 'user'),
(1533, '1', 'system@localhost', 'mcpgiw', '123456', '1', '1', 'user'),
(1534, '1', 'system@localhost', 'mcpgiw', '123456', '1', '1', 'user'),
(1535, '1', 'system@localhost', 'mcpgiw', '123456', '1', '1', 'user'),
(1536, '1', 'system@localhost', 'mcpgiw', '123456', '1', '1', 'user'),
(1537, '1', 'system@localhost', 'mcpgiw', '666666', '1', '1', 'user'),
(1538, '1', 'system@localhost', 'mcpgiw', '777777', '1', '1', 'user'),
(1539, '1', 'system@localhost', 'mcpgiw', '888888', '1', '1', 'user'),
(1540, '1', 'system@localhost', 'mcpgiw', '888888', '1', '1', 'user'),
(1541, '1', 'system@localhost', 'mcpgiw', '555555', '1', '1', 'user'),
(1542, '1', 'system@localhost', 'mcpgiw', '654321', '1', '1', 'user'),
(1543, '1', 'system@localhost', 'mcpgiw', 'abc123', '1', '1', 'user'),
(1544, '1', 'system@localhost', 'mcpgiw', 'admin', '1', '1', 'user'),
(1545, '1', 'system@localhost', 'mcpgiw', '4dm1n', '1', '1', 'user'),
(1546, '1', 'system@localhost', 'mcpgiw', 'adm1n', '1', '1', 'user'),
(1547, '1', 'system@localhost', 'mcpgiw', 'admin1', '1', '1', 'user'),
(1548, '1', 'system@localhost', 'mcpgiw', 'admin1', '1', '1', 'user'),
(1549, '1', 'system@localhost', 'mcpgiw', 'admin1', '1', '1', 'user'),
(1550, '1', 'system@localhost', 'mcpgiw', 'adminp', '1', '1', 'user'),
(1551, '1', 'system@localhost', 'mcpgiw', '0admin', '1', '1', 'user'),
(1552, '1', 'system@localhost', 'mcpgiw', 'change', '1', '1', 'user'),
(1553, '1', 'system@localhost', 'mcpgiw', 'change', '1', '1', 'user'),
(1554, '1', 'system@localhost', 'mcpgiw', 'test', '1', '1', 'user'),
(1555, '1', 'system@localhost', 'mcpgiw', 'tmp', '1', '1', 'user'),
(1556, '1', 'system@localhost', 'mcpgiw', 'prince', '1', '1', 'user'),
(1557, '1', 'system@localhost', 'mcpgiw', 'monkey', '1', '1', 'user'),
(1558, '1', 'system@localhost', 'mcpgiw', 'tigger', '1', '1', 'user'),
(1559, '1', 'system@localhost', 'mcpgiw', 'admini', '1', '1', 'user'),
(1560, '1', 'system@localhost', 'mcpgiw', 'Admini', '1', '1', 'user'),
(1561, '1', 'system@localhost', 'mcpgiw', 'root', '1', '1', 'user'),
(1562, '1', 'system@localhost', 'mcpgiw', 'temp', '1', '1', 'user'),
(1563, '1', 'system@localhost', 'mcpgiw', 'demo', '1', '1', 'user'),
(1564, '1', 'system@localhost', 'mcpgiw', 'demo12', '1', '1', 'user'),
(1565, '1', 'system@localhost', 'mcpgiw', 'user', '1', '1', 'user'),
(1566, '1', 'system@localhost', 'mcpgiw', 'system', '1', '1', 'user'),
(1567, '1', 'system@localhost', 'mcpgiw', 'manage', '1', '1', 'user'),
(1568, '1', 'system@localhost', 'mcpgiw', 'guest', '1', '1', 'user'),
(1569, '1', 'system@localhost', 'mcpgiw', 'asdf', '1', '1', 'user'),
(1570, '1', 'system@localhost', 'mcpgiw', 'cisco', '1', '1', 'user'),
(1571, '1', 'system@localhost', 'mcpgiw', 'defaul', '1', '1', 'user'),
(1572, '1', 'system@localhost', 'mcpgiw', 'god', '1', '1', 'user'),
(1573, '1', 'system@localhost', 'mcpgiw', 'ilovey', '1', '1', 'user'),
(1574, '1', 'system@localhost', 'mcpgiw', 'letmei', '1', '1', 'user'),
(1575, '1', 'system@localhost', 'mcpgiw', 'login', '1', '1', 'user'),
(1576, '1', 'system@localhost', 'mcpgiw', 'love', '1', '1', 'user'),
(1577, '1', 'system@localhost', 'mcpgiw', 'mail', '1', '1', 'user'),
(1578, '1', 'system@localhost', 'mcpgiw', 'master', '1', '1', 'user'),
(1579, '1', 'system@localhost', 'mcpgiw', 'newpas', '1', '1', 'user'),
(1580, '1', 'system@localhost', 'mcpgiw', 'newuse', '1', '1', 'user'),
(1581, '1', 'system@localhost', 'mcpgiw', 'none', '1', '1', 'user'),
(1582, '1', 'system@localhost', 'mcpgiw', 'nopass', '1', '1', 'user'),
(1583, '1', 'system@localhost', 'mcpgiw', 'pass', '1', '1', 'user'),
(1584, '1', 'system@localhost', 'mcpgiw', 'passco', '1', '1', 'user'),
(1585, '1', 'system@localhost', 'mcpgiw', 'passw0', '1', '1', 'user'),
(1586, '1', 'system@localhost', 'mcpgiw', 'passwd', '1', '1', 'user'),
(1587, '1', 'system@localhost', 'mcpgiw', 'passwo', '1', '1', 'user'),
(1588, '1', 'system@localhost', 'mcpgiw', 'passwo', '1', '1', 'user'),
(1589, '1', 'system@localhost', 'mcpgiw', 'Passwo', '1', '1', 'user'),
(1590, '1', 'system@localhost', 'mcpgiw', 'Passw0', '1', '1', 'user'),
(1591, '1', 'system@localhost', 'mcpgiw', 'pa$$wo', '1', '1', 'user'),
(1592, '1', 'system@localhost', 'mcpgiw', 'p@sswo', '1', '1', 'user'),
(1593, '1', 'system@localhost', 'mcpgiw', 'P@$$w0', '1', '1', 'user'),
(1594, '1', 'system@localhost', 'mcpgiw', 'privat', '1', '1', 'user'),
(1595, '1', 'system@localhost', 'mcpgiw', 'qwert', '1', '1', 'user'),
(1596, '1', 'system@localhost', 'mcpgiw', 'qwerty', '1', '1', 'user'),
(1597, '1', 'system@localhost', 'mcpgiw', 'tomcat', '1', '1', 'user'),
(1598, '1', 'system@localhost', 'mcpgiw', 'read', '1', '1', 'user'),
(1599, '1', 'system@localhost', 'mcpgiw', 'sa', '1', '1', 'user'),
(1600, '1', 'system@localhost', 'mcpgiw', 'secret', '1', '1', 'user'),
(1601, '1', 'system@localhost', 'mcpgiw', 'securi', '1', '1', 'user'),
(1602, '1', 'system@localhost', 'mcpgiw', 'setup', '1', '1', 'user'),
(1603, '1', 'system@localhost', 'mcpgiw', 'super', '1', '1', 'user'),
(1604, '1', 'system@localhost', 'mcpgiw', 'superu', '1', '1', 'user'),
(1605, '1', 'system@localhost', 'mcpgiw', 'sys', '1', '1', 'user'),
(1606, '1', 'system@localhost', 'mcpgiw', 'sysadm', '1', '1', 'user'),
(1607, '1', 'system@localhost', 'mcpgiw', 'sysadm', '1', '1', 'user'),
(1608, '1', 'system@localhost', 'mcpgiw', 'tech', '1', '1', 'user'),
(1609, '1', 'system@localhost', 'mcpgiw', 'test1', '1', '1', 'user'),
(1610, '1', 'system@localhost', 'mcpgiw', 'tester', '1', '1', 'user'),
(1611, '1', 'system@localhost', 'mcpgiw', 'test12', '1', '1', 'user'),
(1612, '1', 'system@localhost', 'mcpgiw', 'trustn', '1', '1', 'user'),
(1613, '1', 'system@localhost', 'mcpgiw', 'testin', '1', '1', 'user'),
(1614, '1', 'system@localhost', 'mcpgiw', 'toor', '1', '1', 'user'),
(1615, '1', 'system@localhost', 'mcpgiw', 'write', '1', '1', 'user'),
(1616, '1', 'system@localhost', 'mcpgiw', 'xxx', '1', '1', 'user'),
(1617, '1', 'system@localhost', 'mcpgiw', 'suppor', '1', '1', 'user'),
(1618, '1', 'system@localhost', 'mcpgiw', 'mypass', '1', '1', 'user'),
(1619, '1', 'system@localhost', 'mcpgiw', 'supera', '1', '1', 'user'),
(1620, '1', 'system@localhost', 'mcpgiw', 'admina', '1', '1', 'user'),
(1621, '1', 'system@localhost', 'mcpgiw', 'adminp', '1', '1', 'user'),
(1622, '1', 'system@localhost', 'mcpgiw', 'localh', '1', '1', 'user'),
(1623, '1', 'system@localhost', 'mcpgiw', 'localh', '1', '1', 'user'),
(1624, '1', 'system@localhost', 'mcpgiw', 'undefi', '1', '1', 'user'),
(1625, '1', 'manager@localhost', 'mcpgiw', 'AfXNtp', '1', '1', 'user'),
(1626, '1', 'manager@localhost', 'mcpgiw', '1', '1', '1', 'user'),
(1627, '1', 'manager@localhost', 'mcpgiw', '000000', '1', '1', 'user'),
(1628, '1', 'manager@localhost', 'mcpgiw', '000000', '1', '1', 'user'),
(1629, '1', 'manager@localhost', 'mcpgiw', '000099', '1', '1', 'user'),
(1630, '1', 'manager@localhost', 'mcpgiw', '1111', '1', '1', 'user'),
(1631, '1', 'manager@localhost', 'mcpgiw', '111111', '1', '1', 'user'),
(1632, '1', 'manager@localhost', 'mcpgiw', '111111', '1', '1', 'user'),
(1633, '1', 'manager@localhost', 'mcpgiw', '111111', '1', '1', 'user'),
(1634, '1', 'manager@localhost', 'mcpgiw', '121212', '1', '1', 'user'),
(1635, '1', 'manager@localhost', 'mcpgiw', '112233', '1', '1', 'user'),
(1636, '1', 'manager@localhost', 'mcpgiw', '123123', '1', '1', 'user'),
(1637, '1', 'manager@localhost', 'mcpgiw', '12345a', '1', '1', 'user'),
(1638, '1', 'manager@localhost', 'mcpgiw', '12qwas', '1', '1', 'user'),
(1639, '1', 'manager@localhost', 'mcpgiw', '123qwe', '1', '1', 'user'),
(1640, '1', 'manager@localhost', 'mcpgiw', '1q2w3e', '1', '1', 'user'),
(1641, '1', 'manager@localhost', 'mcpgiw', '1q2w3e', '1', '1', 'user'),
(1642, '1', 'manager@localhost', 'mcpgiw', '123', '1', '1', 'user'),
(1643, '1', 'manager@localhost', 'mcpgiw', '1234', '1', '1', 'user'),
(1644, '1', 'manager@localhost', 'mcpgiw', '12345', '1', '1', 'user'),
(1645, '1', 'manager@localhost', 'mcpgiw', '123456', '1', '1', 'user'),
(1646, '1', 'manager@localhost', 'mcpgiw', '123456', '1', '1', 'user'),
(1647, '1', 'manager@localhost', 'mcpgiw', '123456', '1', '1', 'user'),
(1648, '1', 'manager@localhost', 'mcpgiw', '123456', '1', '1', 'user'),
(1649, '1', 'manager@localhost', 'mcpgiw', '666666', '1', '1', 'user'),
(1650, '1', 'manager@localhost', 'mcpgiw', '777777', '1', '1', 'user'),
(1651, '1', 'manager@localhost', 'mcpgiw', '888888', '1', '1', 'user'),
(1652, '1', 'manager@localhost', 'mcpgiw', '888888', '1', '1', 'user'),
(1653, '1', 'manager@localhost', 'mcpgiw', '555555', '1', '1', 'user'),
(1654, '1', 'manager@localhost', 'mcpgiw', '654321', '1', '1', 'user'),
(1655, '1', 'manager@localhost', 'mcpgiw', 'abc123', '1', '1', 'user'),
(1656, '1', 'manager@localhost', 'mcpgiw', 'admin', '1', '1', 'user'),
(1657, '1', 'manager@localhost', 'mcpgiw', '4dm1n', '1', '1', 'user'),
(1658, '1', 'manager@localhost', 'mcpgiw', 'adm1n', '1', '1', 'user'),
(1659, '1', 'manager@localhost', 'mcpgiw', 'admin1', '1', '1', 'user'),
(1660, '1', 'manager@localhost', 'mcpgiw', 'admin1', '1', '1', 'user'),
(1661, '1', 'manager@localhost', 'mcpgiw', 'admin1', '1', '1', 'user'),
(1662, '1', 'manager@localhost', 'mcpgiw', 'adminp', '1', '1', 'user'),
(1663, '1', 'manager@localhost', 'mcpgiw', '0admin', '1', '1', 'user'),
(1664, '1', 'manager@localhost', 'mcpgiw', 'change', '1', '1', 'user'),
(1665, '1', 'manager@localhost', 'mcpgiw', 'change', '1', '1', 'user'),
(1666, '1', 'manager@localhost', 'mcpgiw', 'test', '1', '1', 'user'),
(1667, '1', 'manager@localhost', 'mcpgiw', 'tmp', '1', '1', 'user'),
(1668, '1', 'manager@localhost', 'mcpgiw', 'prince', '1', '1', 'user'),
(1669, '1', 'manager@localhost', 'mcpgiw', 'monkey', '1', '1', 'user'),
(1670, '1', 'manager@localhost', 'mcpgiw', 'tigger', '1', '1', 'user'),
(1671, '1', 'manager@localhost', 'mcpgiw', 'admini', '1', '1', 'user'),
(1672, '1', 'manager@localhost', 'mcpgiw', 'Admini', '1', '1', 'user'),
(1673, '1', 'manager@localhost', 'mcpgiw', 'root', '1', '1', 'user'),
(1674, '1', 'manager@localhost', 'mcpgiw', 'temp', '1', '1', 'user'),
(1675, '1', 'manager@localhost', 'mcpgiw', 'demo', '1', '1', 'user'),
(1676, '1', 'manager@localhost', 'mcpgiw', 'demo12', '1', '1', 'user'),
(1677, '1', 'manager@localhost', 'mcpgiw', 'user', '1', '1', 'user'),
(1678, '1', 'manager@localhost', 'mcpgiw', 'system', '1', '1', 'user'),
(1679, '1', 'manager@localhost', 'mcpgiw', 'manage', '1', '1', 'user'),
(1680, '1', 'manager@localhost', 'mcpgiw', 'guest', '1', '1', 'user'),
(1681, '1', 'manager@localhost', 'mcpgiw', 'asdf', '1', '1', 'user'),
(1682, '1', 'manager@localhost', 'mcpgiw', 'cisco', '1', '1', 'user'),
(1683, '1', 'manager@localhost', 'mcpgiw', 'defaul', '1', '1', 'user'),
(1684, '1', 'manager@localhost', 'mcpgiw', 'god', '1', '1', 'user'),
(1685, '1', 'manager@localhost', 'mcpgiw', 'ilovey', '1', '1', 'user'),
(1686, '1', 'manager@localhost', 'mcpgiw', 'letmei', '1', '1', 'user'),
(1687, '1', 'manager@localhost', 'mcpgiw', 'login', '1', '1', 'user'),
(1688, '1', 'manager@localhost', 'mcpgiw', 'love', '1', '1', 'user'),
(1689, '1', 'manager@localhost', 'mcpgiw', 'mail', '1', '1', 'user'),
(1690, '1', 'manager@localhost', 'mcpgiw', 'master', '1', '1', 'user'),
(1691, '1', 'manager@localhost', 'mcpgiw', 'newpas', '1', '1', 'user'),
(1692, '1', 'manager@localhost', 'mcpgiw', 'newuse', '1', '1', 'user'),
(1693, '1', 'manager@localhost', 'mcpgiw', 'none', '1', '1', 'user'),
(1694, '1', 'manager@localhost', 'mcpgiw', 'nopass', '1', '1', 'user'),
(1695, '1', 'manager@localhost', 'mcpgiw', 'pass', '1', '1', 'user'),
(1696, '1', 'manager@localhost', 'mcpgiw', 'passco', '1', '1', 'user'),
(1697, '1', 'manager@localhost', 'mcpgiw', 'passw0', '1', '1', 'user'),
(1698, '1', 'manager@localhost', 'mcpgiw', 'passwd', '1', '1', 'user'),
(1699, '1', 'manager@localhost', 'mcpgiw', 'passwo', '1', '1', 'user'),
(1700, '1', 'manager@localhost', 'mcpgiw', 'passwo', '1', '1', 'user'),
(1701, '1', 'manager@localhost', 'mcpgiw', 'Passwo', '1', '1', 'user'),
(1702, '1', 'manager@localhost', 'mcpgiw', 'Passw0', '1', '1', 'user'),
(1703, '1', 'manager@localhost', 'mcpgiw', 'pa$$wo', '1', '1', 'user'),
(1704, '1', 'manager@localhost', 'mcpgiw', 'p@sswo', '1', '1', 'user'),
(1705, '1', 'manager@localhost', 'mcpgiw', 'P@$$w0', '1', '1', 'user'),
(1706, '1', 'manager@localhost', 'mcpgiw', 'privat', '1', '1', 'user'),
(1707, '1', 'manager@localhost', 'mcpgiw', 'qwert', '1', '1', 'user'),
(1708, '1', 'manager@localhost', 'mcpgiw', 'qwerty', '1', '1', 'user'),
(1709, '1', 'manager@localhost', 'mcpgiw', 'tomcat', '1', '1', 'user'),
(1710, '1', 'manager@localhost', 'mcpgiw', 'read', '1', '1', 'user'),
(1711, '1', 'manager@localhost', 'mcpgiw', 'sa', '1', '1', 'user'),
(1712, '1', 'manager@localhost', 'mcpgiw', 'secret', '1', '1', 'user'),
(1713, '1', 'manager@localhost', 'mcpgiw', 'securi', '1', '1', 'user'),
(1714, '1', 'manager@localhost', 'mcpgiw', 'setup', '1', '1', 'user'),
(1715, '1', 'manager@localhost', 'mcpgiw', 'super', '1', '1', 'user'),
(1716, '1', 'manager@localhost', 'mcpgiw', 'superu', '1', '1', 'user'),
(1717, '1', 'manager@localhost', 'mcpgiw', 'sys', '1', '1', 'user'),
(1718, '1', 'manager@localhost', 'mcpgiw', 'sysadm', '1', '1', 'user'),
(1719, '1', 'manager@localhost', 'mcpgiw', 'sysadm', '1', '1', 'user'),
(1720, '1', 'manager@localhost', 'mcpgiw', 'tech', '1', '1', 'user'),
(1721, '1', 'manager@localhost', 'mcpgiw', 'test1', '1', '1', 'user'),
(1722, '1', 'manager@localhost', 'mcpgiw', 'tester', '1', '1', 'user'),
(1723, '1', 'manager@localhost', 'mcpgiw', 'test12', '1', '1', 'user'),
(1724, '1', 'manager@localhost', 'mcpgiw', 'trustn', '1', '1', 'user'),
(1725, '1', 'manager@localhost', 'mcpgiw', 'testin', '1', '1', 'user'),
(1726, '1', 'manager@localhost', 'mcpgiw', 'toor', '1', '1', 'user'),
(1727, '1', 'manager@localhost', 'mcpgiw', 'write', '1', '1', 'user'),
(1728, '1', 'manager@localhost', 'mcpgiw', 'xxx', '1', '1', 'user'),
(1729, '1', 'manager@localhost', 'mcpgiw', 'suppor', '1', '1', 'user'),
(1730, '1', 'manager@localhost', 'mcpgiw', 'mypass', '1', '1', 'user'),
(1731, '1', 'manager@localhost', 'mcpgiw', 'supera', '1', '1', 'user'),
(1732, '1', 'manager@localhost', 'mcpgiw', 'admina', '1', '1', 'user'),
(1733, '1', 'manager@localhost', 'mcpgiw', 'adminp', '1', '1', 'user'),
(1734, '1', 'manager@localhost', 'mcpgiw', 'localh', '1', '1', 'user'),
(1735, '1', 'manager@localhost', 'mcpgiw', 'localh', '1', '1', 'user'),
(1736, '1', 'manager@localhost', 'mcpgiw', 'undefi', '1', '1', 'user'),
(1737, '1', 'tomcat@localhost', 'mcpgiw', 'AfXNtp', '1', '1', 'user'),
(1738, '1', 'tomcat@localhost', 'mcpgiw', '1', '1', '1', 'user'),
(1739, '1', 'tomcat@localhost', 'mcpgiw', '000000', '1', '1', 'user'),
(1740, '1', 'tomcat@localhost', 'mcpgiw', '000000', '1', '1', 'user'),
(1741, '1', 'tomcat@localhost', 'mcpgiw', '000099', '1', '1', 'user'),
(1742, '1', 'tomcat@localhost', 'mcpgiw', '1111', '1', '1', 'user'),
(1743, '1', 'tomcat@localhost', 'mcpgiw', '111111', '1', '1', 'user'),
(1744, '1', 'tomcat@localhost', 'mcpgiw', '111111', '1', '1', 'user'),
(1745, '1', 'tomcat@localhost', 'mcpgiw', '111111', '1', '1', 'user'),
(1746, '1', 'tomcat@localhost', 'mcpgiw', '121212', '1', '1', 'user'),
(1747, '1', 'tomcat@localhost', 'mcpgiw', '112233', '1', '1', 'user'),
(1748, '1', 'tomcat@localhost', 'mcpgiw', '123123', '1', '1', 'user'),
(1749, '1', 'tomcat@localhost', 'mcpgiw', '12345a', '1', '1', 'user'),
(1750, '1', 'tomcat@localhost', 'mcpgiw', '12qwas', '1', '1', 'user'),
(1751, '1', 'tomcat@localhost', 'mcpgiw', '123qwe', '1', '1', 'user'),
(1752, '1', 'tomcat@localhost', 'mcpgiw', '1q2w3e', '1', '1', 'user'),
(1753, '1', 'tomcat@localhost', 'mcpgiw', '1q2w3e', '1', '1', 'user'),
(1754, '1', 'tomcat@localhost', 'mcpgiw', '123', '1', '1', 'user'),
(1755, '1', 'tomcat@localhost', 'mcpgiw', '1234', '1', '1', 'user'),
(1756, '1', 'tomcat@localhost', 'mcpgiw', '12345', '1', '1', 'user'),
(1757, '1', 'tomcat@localhost', 'mcpgiw', '123456', '1', '1', 'user'),
(1758, '1', 'tomcat@localhost', 'mcpgiw', '123456', '1', '1', 'user'),
(1759, '1', 'tomcat@localhost', 'mcpgiw', '123456', '1', '1', 'user'),
(1760, '1', 'tomcat@localhost', 'mcpgiw', '123456', '1', '1', 'user'),
(1761, '1', 'tomcat@localhost', 'mcpgiw', '666666', '1', '1', 'user'),
(1762, '1', 'tomcat@localhost', 'mcpgiw', '777777', '1', '1', 'user'),
(1763, '1', 'tomcat@localhost', 'mcpgiw', '888888', '1', '1', 'user'),
(1764, '1', 'tomcat@localhost', 'mcpgiw', '888888', '1', '1', 'user'),
(1765, '1', 'tomcat@localhost', 'mcpgiw', '555555', '1', '1', 'user'),
(1766, '1', 'tomcat@localhost', 'mcpgiw', '654321', '1', '1', 'user'),
(1767, '1', 'tomcat@localhost', 'mcpgiw', 'abc123', '1', '1', 'user'),
(1768, '1', 'tomcat@localhost', 'mcpgiw', 'admin', '1', '1', 'user'),
(1769, '1', 'tomcat@localhost', 'mcpgiw', '4dm1n', '1', '1', 'user'),
(1770, '1', 'tomcat@localhost', 'mcpgiw', 'adm1n', '1', '1', 'user'),
(1771, '1', 'tomcat@localhost', 'mcpgiw', 'admin1', '1', '1', 'user'),
(1772, '1', 'tomcat@localhost', 'mcpgiw', 'admin1', '1', '1', 'user'),
(1773, '1', 'tomcat@localhost', 'mcpgiw', 'admin1', '1', '1', 'user'),
(1774, '1', 'tomcat@localhost', 'mcpgiw', 'adminp', '1', '1', 'user'),
(1775, '1', 'tomcat@localhost', 'mcpgiw', '0admin', '1', '1', 'user'),
(1776, '1', 'tomcat@localhost', 'mcpgiw', 'change', '1', '1', 'user'),
(1777, '1', 'tomcat@localhost', 'mcpgiw', 'change', '1', '1', 'user'),
(1778, '1', 'tomcat@localhost', 'mcpgiw', 'test', '1', '1', 'user'),
(1779, '1', 'tomcat@localhost', 'mcpgiw', 'tmp', '1', '1', 'user'),
(1780, '1', 'tomcat@localhost', 'mcpgiw', 'prince', '1', '1', 'user'),
(1781, '1', 'tomcat@localhost', 'mcpgiw', 'monkey', '1', '1', 'user'),
(1782, '1', 'tomcat@localhost', 'mcpgiw', 'tigger', '1', '1', 'user'),
(1783, '1', 'tomcat@localhost', 'mcpgiw', 'admini', '1', '1', 'user'),
(1784, '1', 'tomcat@localhost', 'mcpgiw', 'Admini', '1', '1', 'user'),
(1785, '1', 'tomcat@localhost', 'mcpgiw', 'root', '1', '1', 'user'),
(1786, '1', 'tomcat@localhost', 'mcpgiw', 'temp', '1', '1', 'user'),
(1787, '1', 'tomcat@localhost', 'mcpgiw', 'demo', '1', '1', 'user'),
(1788, '1', 'tomcat@localhost', 'mcpgiw', 'demo12', '1', '1', 'user'),
(1789, '1', 'tomcat@localhost', 'mcpgiw', 'user', '1', '1', 'user'),
(1790, '1', 'tomcat@localhost', 'mcpgiw', 'system', '1', '1', 'user'),
(1791, '1', 'tomcat@localhost', 'mcpgiw', 'manage', '1', '1', 'user'),
(1792, '1', 'tomcat@localhost', 'mcpgiw', 'guest', '1', '1', 'user'),
(1793, '1', 'tomcat@localhost', 'mcpgiw', 'asdf', '1', '1', 'user'),
(1794, '1', 'tomcat@localhost', 'mcpgiw', 'cisco', '1', '1', 'user'),
(1795, '1', 'tomcat@localhost', 'mcpgiw', 'defaul', '1', '1', 'user'),
(1796, '1', 'tomcat@localhost', 'mcpgiw', 'god', '1', '1', 'user'),
(1797, '1', 'tomcat@localhost', 'mcpgiw', 'ilovey', '1', '1', 'user'),
(1798, '1', 'tomcat@localhost', 'mcpgiw', 'letmei', '1', '1', 'user'),
(1799, '1', 'tomcat@localhost', 'mcpgiw', 'login', '1', '1', 'user'),
(1800, '1', 'tomcat@localhost', 'mcpgiw', 'love', '1', '1', 'user'),
(1801, '1', 'tomcat@localhost', 'mcpgiw', 'mail', '1', '1', 'user'),
(1802, '1', 'tomcat@localhost', 'mcpgiw', 'master', '1', '1', 'user'),
(1803, '1', 'tomcat@localhost', 'mcpgiw', 'newpas', '1', '1', 'user'),
(1804, '1', 'tomcat@localhost', 'mcpgiw', 'newuse', '1', '1', 'user'),
(1805, '1', 'tomcat@localhost', 'mcpgiw', 'none', '1', '1', 'user'),
(1806, '1', 'tomcat@localhost', 'mcpgiw', 'nopass', '1', '1', 'user'),
(1807, '1', 'tomcat@localhost', 'mcpgiw', 'pass', '1', '1', 'user'),
(1808, '1', 'tomcat@localhost', 'mcpgiw', 'passco', '1', '1', 'user'),
(1809, '1', 'tomcat@localhost', 'mcpgiw', 'passw0', '1', '1', 'user'),
(1810, '1', 'tomcat@localhost', 'mcpgiw', 'passwd', '1', '1', 'user'),
(1811, '1', 'tomcat@localhost', 'mcpgiw', 'passwo', '1', '1', 'user'),
(1812, '1', 'tomcat@localhost', 'mcpgiw', 'passwo', '1', '1', 'user'),
(1813, '1', 'tomcat@localhost', 'mcpgiw', 'Passwo', '1', '1', 'user'),
(1814, '1', 'tomcat@localhost', 'mcpgiw', 'Passw0', '1', '1', 'user'),
(1815, '1', 'tomcat@localhost', 'mcpgiw', 'pa$$wo', '1', '1', 'user'),
(1816, '1', 'tomcat@localhost', 'mcpgiw', 'p@sswo', '1', '1', 'user'),
(1817, '1', 'tomcat@localhost', 'mcpgiw', 'P@$$w0', '1', '1', 'user'),
(1818, '1', 'tomcat@localhost', 'mcpgiw', 'privat', '1', '1', 'user'),
(1819, '1', 'tomcat@localhost', 'mcpgiw', 'qwert', '1', '1', 'user'),
(1820, '1', 'tomcat@localhost', 'mcpgiw', 'qwerty', '1', '1', 'user'),
(1821, '1', 'tomcat@localhost', 'mcpgiw', 'tomcat', '1', '1', 'user'),
(1822, '1', 'tomcat@localhost', 'mcpgiw', 'read', '1', '1', 'user'),
(1823, '1', 'tomcat@localhost', 'mcpgiw', 'sa', '1', '1', 'user'),
(1824, '1', 'tomcat@localhost', 'mcpgiw', 'secret', '1', '1', 'user'),
(1825, '1', 'tomcat@localhost', 'mcpgiw', 'securi', '1', '1', 'user'),
(1826, '1', 'tomcat@localhost', 'mcpgiw', 'setup', '1', '1', 'user'),
(1827, '1', 'tomcat@localhost', 'mcpgiw', 'super', '1', '1', 'user'),
(1828, '1', 'tomcat@localhost', 'mcpgiw', 'superu', '1', '1', 'user'),
(1829, '1', 'tomcat@localhost', 'mcpgiw', 'sys', '1', '1', 'user'),
(1830, '1', 'tomcat@localhost', 'mcpgiw', 'sysadm', '1', '1', 'user'),
(1831, '1', 'tomcat@localhost', 'mcpgiw', 'sysadm', '1', '1', 'user'),
(1832, '1', 'tomcat@localhost', 'mcpgiw', 'tech', '1', '1', 'user'),
(1833, '1', 'tomcat@localhost', 'mcpgiw', 'test1', '1', '1', 'user'),
(1834, '1', 'tomcat@localhost', 'mcpgiw', 'tester', '1', '1', 'user'),
(1835, '1', 'tomcat@localhost', 'mcpgiw', 'test12', '1', '1', 'user'),
(1836, '1', 'tomcat@localhost', 'mcpgiw', 'trustn', '1', '1', 'user'),
(1837, '1', 'tomcat@localhost', 'mcpgiw', 'testin', '1', '1', 'user'),
(1838, '1', 'tomcat@localhost', 'mcpgiw', 'toor', '1', '1', 'user'),
(1839, '1', 'tomcat@localhost', 'mcpgiw', 'write', '1', '1', 'user'),
(1840, '1', 'tomcat@localhost', 'mcpgiw', 'xxx', '1', '1', 'user'),
(1841, '1', 'tomcat@localhost', 'mcpgiw', 'suppor', '1', '1', 'user'),
(1842, '1', 'tomcat@localhost', 'mcpgiw', 'mypass', '1', '1', 'user'),
(1843, '1', 'tomcat@localhost', 'mcpgiw', 'supera', '1', '1', 'user'),
(1844, '1', 'tomcat@localhost', 'mcpgiw', 'admina', '1', '1', 'user'),
(1845, '1', 'tomcat@localhost', 'mcpgiw', 'adminp', '1', '1', 'user'),
(1846, '1', 'tomcat@localhost', 'mcpgiw', 'localh', '1', '1', 'user'),
(1847, '1', 'tomcat@localhost', 'mcpgiw', 'localh', '1', '1', 'user'),
(1848, '1', 'tomcat@localhost', 'mcpgiw', 'undefi', '1', '1', 'user'),
(1849, '1', 'guest@localhost', 'mcpgiw', 'AfXNtp', '1', '1', 'user'),
(1850, '1', 'guest@localhost', 'mcpgiw', '1', '1', '1', 'user'),
(1851, '1', 'guest@localhost', 'mcpgiw', '000000', '1', '1', 'user'),
(1852, '1', 'guest@localhost', 'mcpgiw', '000000', '1', '1', 'user'),
(1853, '1', 'guest@localhost', 'mcpgiw', '000099', '1', '1', 'user'),
(1854, '1', 'guest@localhost', 'mcpgiw', '1111', '1', '1', 'user'),
(1855, '1', 'guest@localhost', 'mcpgiw', '111111', '1', '1', 'user'),
(1856, '1', 'guest@localhost', 'mcpgiw', '111111', '1', '1', 'user'),
(1857, '1', 'guest@localhost', 'mcpgiw', '111111', '1', '1', 'user'),
(1858, '1', 'guest@localhost', 'mcpgiw', '121212', '1', '1', 'user'),
(1859, '1', 'guest@localhost', 'mcpgiw', '112233', '1', '1', 'user'),
(1860, '1', 'guest@localhost', 'mcpgiw', '123123', '1', '1', 'user'),
(1861, '1', 'guest@localhost', 'mcpgiw', '12345a', '1', '1', 'user'),
(1862, '1', 'guest@localhost', 'mcpgiw', '12qwas', '1', '1', 'user'),
(1863, '1', 'guest@localhost', 'mcpgiw', '123qwe', '1', '1', 'user'),
(1864, '1', 'guest@localhost', 'mcpgiw', '1q2w3e', '1', '1', 'user'),
(1865, '1', 'guest@localhost', 'mcpgiw', '1q2w3e', '1', '1', 'user'),
(1866, '1', 'guest@localhost', 'mcpgiw', '123', '1', '1', 'user'),
(1867, '1', 'guest@localhost', 'mcpgiw', '1234', '1', '1', 'user'),
(1868, '1', 'guest@localhost', 'mcpgiw', '12345', '1', '1', 'user'),
(1869, '1', 'guest@localhost', 'mcpgiw', '123456', '1', '1', 'user'),
(1870, '1', 'guest@localhost', 'mcpgiw', '123456', '1', '1', 'user'),
(1871, '1', 'guest@localhost', 'mcpgiw', '123456', '1', '1', 'user'),
(1872, '1', 'guest@localhost', 'mcpgiw', '123456', '1', '1', 'user'),
(1873, '1', 'guest@localhost', 'mcpgiw', '666666', '1', '1', 'user'),
(1874, '1', 'guest@localhost', 'mcpgiw', '777777', '1', '1', 'user'),
(1875, '1', 'guest@localhost', 'mcpgiw', '888888', '1', '1', 'user'),
(1876, '1', 'guest@localhost', 'mcpgiw', '888888', '1', '1', 'user'),
(1877, '1', 'guest@localhost', 'mcpgiw', '555555', '1', '1', 'user'),
(1878, '1', 'guest@localhost', 'mcpgiw', '654321', '1', '1', 'user'),
(1879, '1', 'guest@localhost', 'mcpgiw', 'abc123', '1', '1', 'user'),
(1880, '1', 'guest@localhost', 'mcpgiw', 'admin', '1', '1', 'user'),
(1881, '1', 'guest@localhost', 'mcpgiw', '4dm1n', '1', '1', 'user'),
(1882, '1', 'guest@localhost', 'mcpgiw', 'adm1n', '1', '1', 'user'),
(1883, '1', 'guest@localhost', 'mcpgiw', 'admin1', '1', '1', 'user'),
(1884, '1', 'guest@localhost', 'mcpgiw', 'admin1', '1', '1', 'user'),
(1885, '1', 'guest@localhost', 'mcpgiw', 'admin1', '1', '1', 'user'),
(1886, '1', 'guest@localhost', 'mcpgiw', 'adminp', '1', '1', 'user'),
(1887, '1', 'guest@localhost', 'mcpgiw', '0admin', '1', '1', 'user'),
(1888, '1', 'guest@localhost', 'mcpgiw', 'change', '1', '1', 'user'),
(1889, '1', 'guest@localhost', 'mcpgiw', 'change', '1', '1', 'user'),
(1890, '1', 'guest@localhost', 'mcpgiw', 'test', '1', '1', 'user'),
(1891, '1', 'guest@localhost', 'mcpgiw', 'tmp', '1', '1', 'user'),
(1892, '1', 'guest@localhost', 'mcpgiw', 'prince', '1', '1', 'user'),
(1893, '1', 'guest@localhost', 'mcpgiw', 'monkey', '1', '1', 'user'),
(1894, '1', 'guest@localhost', 'mcpgiw', 'tigger', '1', '1', 'user'),
(1895, '1', 'guest@localhost', 'mcpgiw', 'admini', '1', '1', 'user'),
(1896, '1', 'guest@localhost', 'mcpgiw', 'Admini', '1', '1', 'user'),
(1897, '1', 'guest@localhost', 'mcpgiw', 'root', '1', '1', 'user'),
(1898, '1', 'guest@localhost', 'mcpgiw', 'temp', '1', '1', 'user'),
(1899, '1', 'guest@localhost', 'mcpgiw', 'demo', '1', '1', 'user'),
(1900, '1', 'guest@localhost', 'mcpgiw', 'demo12', '1', '1', 'user'),
(1901, '1', 'guest@localhost', 'mcpgiw', 'user', '1', '1', 'user'),
(1902, '1', 'guest@localhost', 'mcpgiw', 'system', '1', '1', 'user'),
(1903, '1', 'guest@localhost', 'mcpgiw', 'manage', '1', '1', 'user'),
(1904, '1', 'guest@localhost', 'mcpgiw', 'guest', '1', '1', 'user'),
(1905, '1', 'guest@localhost', 'mcpgiw', 'asdf', '1', '1', 'user'),
(1906, '1', 'guest@localhost', 'mcpgiw', 'cisco', '1', '1', 'user'),
(1907, '1', 'guest@localhost', 'mcpgiw', 'defaul', '1', '1', 'user'),
(1908, '1', 'guest@localhost', 'mcpgiw', 'god', '1', '1', 'user');
INSERT INTO `tbl_users` (`id_user`, `nama_lengkap`, `email`, `username`, `password`, `alamat`, `no_hp`, `title`) VALUES
(1909, '1', 'guest@localhost', 'mcpgiw', 'ilovey', '1', '1', 'user'),
(1910, '1', 'guest@localhost', 'mcpgiw', 'letmei', '1', '1', 'user'),
(1911, '1', 'guest@localhost', 'mcpgiw', 'login', '1', '1', 'user'),
(1912, '1', 'guest@localhost', 'mcpgiw', 'love', '1', '1', 'user'),
(1913, '1', 'guest@localhost', 'mcpgiw', 'mail', '1', '1', 'user'),
(1914, '1', 'guest@localhost', 'mcpgiw', 'master', '1', '1', 'user'),
(1915, '1', 'guest@localhost', 'mcpgiw', 'newpas', '1', '1', 'user'),
(1916, '1', 'guest@localhost', 'mcpgiw', 'newuse', '1', '1', 'user'),
(1917, '1', 'guest@localhost', 'mcpgiw', 'none', '1', '1', 'user'),
(1918, '1', 'guest@localhost', 'mcpgiw', 'nopass', '1', '1', 'user'),
(1919, '1', 'guest@localhost', 'mcpgiw', 'pass', '1', '1', 'user'),
(1920, '1', 'guest@localhost', 'mcpgiw', 'passco', '1', '1', 'user'),
(1921, '1', 'guest@localhost', 'mcpgiw', 'passw0', '1', '1', 'user'),
(1922, '1', 'guest@localhost', 'mcpgiw', 'passwd', '1', '1', 'user'),
(1923, '1', 'guest@localhost', 'mcpgiw', 'passwo', '1', '1', 'user'),
(1924, '1', 'guest@localhost', 'mcpgiw', 'passwo', '1', '1', 'user'),
(1925, '1', 'guest@localhost', 'mcpgiw', 'Passwo', '1', '1', 'user'),
(1926, '1', 'guest@localhost', 'mcpgiw', 'Passw0', '1', '1', 'user'),
(1927, '1', 'guest@localhost', 'mcpgiw', 'pa$$wo', '1', '1', 'user'),
(1928, '1', 'guest@localhost', 'mcpgiw', 'p@sswo', '1', '1', 'user'),
(1929, '1', 'guest@localhost', 'mcpgiw', 'P@$$w0', '1', '1', 'user'),
(1930, '1', 'guest@localhost', 'mcpgiw', 'privat', '1', '1', 'user'),
(1931, '1', 'guest@localhost', 'mcpgiw', 'qwert', '1', '1', 'user'),
(1932, '1', 'guest@localhost', 'mcpgiw', 'qwerty', '1', '1', 'user'),
(1933, '1', 'guest@localhost', 'mcpgiw', 'tomcat', '1', '1', 'user'),
(1934, '1', 'guest@localhost', 'mcpgiw', 'read', '1', '1', 'user'),
(1935, '1', 'guest@localhost', 'mcpgiw', 'sa', '1', '1', 'user'),
(1936, '1', 'guest@localhost', 'mcpgiw', 'secret', '1', '1', 'user'),
(1937, '1', 'guest@localhost', 'mcpgiw', 'securi', '1', '1', 'user'),
(1938, '1', 'guest@localhost', 'mcpgiw', 'setup', '1', '1', 'user'),
(1939, '1', 'guest@localhost', 'mcpgiw', 'super', '1', '1', 'user'),
(1940, '1', 'guest@localhost', 'mcpgiw', 'superu', '1', '1', 'user'),
(1941, '1', 'guest@localhost', 'mcpgiw', 'sys', '1', '1', 'user'),
(1942, '1', 'guest@localhost', 'mcpgiw', 'sysadm', '1', '1', 'user'),
(1943, '1', 'guest@localhost', 'mcpgiw', 'sysadm', '1', '1', 'user'),
(1944, '1', 'guest@localhost', 'mcpgiw', 'tech', '1', '1', 'user'),
(1945, '1', 'guest@localhost', 'mcpgiw', 'test1', '1', '1', 'user'),
(1946, '1', 'guest@localhost', 'mcpgiw', 'tester', '1', '1', 'user'),
(1947, '1', 'guest@localhost', 'mcpgiw', 'test12', '1', '1', 'user'),
(1948, '1', 'guest@localhost', 'mcpgiw', 'trustn', '1', '1', 'user'),
(1949, '1', 'guest@localhost', 'mcpgiw', 'testin', '1', '1', 'user'),
(1950, '1', 'guest@localhost', 'mcpgiw', 'toor', '1', '1', 'user'),
(1951, '1', 'guest@localhost', 'mcpgiw', 'write', '1', '1', 'user'),
(1952, '1', 'guest@localhost', 'mcpgiw', 'xxx', '1', '1', 'user'),
(1953, '1', 'guest@localhost', 'mcpgiw', 'suppor', '1', '1', 'user'),
(1954, '1', 'guest@localhost', 'mcpgiw', 'mypass', '1', '1', 'user'),
(1955, '1', 'guest@localhost', 'mcpgiw', 'supera', '1', '1', 'user'),
(1956, '1', 'guest@localhost', 'mcpgiw', 'admina', '1', '1', 'user'),
(1957, '1', 'guest@localhost', 'mcpgiw', 'adminp', '1', '1', 'user'),
(1958, '1', 'guest@localhost', 'mcpgiw', 'localh', '1', '1', 'user'),
(1959, '1', 'guest@localhost', 'mcpgiw', 'localh', '1', '1', 'user'),
(1960, '1', 'guest@localhost', 'mcpgiw', 'undefi', '1', '1', 'user'),
(1961, '1', 'localhost@localhost', 'mcpgiw', 'AfXNtp', '1', '1', 'user'),
(1962, '1', 'localhost@localhost', 'mcpgiw', '1', '1', '1', 'user'),
(1963, '1', 'localhost@localhost', 'mcpgiw', '000000', '1', '1', 'user'),
(1964, '1', 'localhost@localhost', 'mcpgiw', '000000', '1', '1', 'user'),
(1965, '1', 'localhost@localhost', 'mcpgiw', '000099', '1', '1', 'user'),
(1966, '1', 'localhost@localhost', 'mcpgiw', '1111', '1', '1', 'user'),
(1967, '1', 'localhost@localhost', 'mcpgiw', '111111', '1', '1', 'user'),
(1968, '1', 'localhost@localhost', 'mcpgiw', '111111', '1', '1', 'user'),
(1969, '1', 'localhost@localhost', 'mcpgiw', '111111', '1', '1', 'user'),
(1970, '1', 'localhost@localhost', 'mcpgiw', '121212', '1', '1', 'user'),
(1971, '1', 'localhost@localhost', 'mcpgiw', '112233', '1', '1', 'user'),
(1972, '1', 'localhost@localhost', 'mcpgiw', '123123', '1', '1', 'user'),
(1973, '1', 'localhost@localhost', 'mcpgiw', '12345a', '1', '1', 'user'),
(1974, '1', 'localhost@localhost', 'mcpgiw', '12qwas', '1', '1', 'user'),
(1975, '1', 'localhost@localhost', 'mcpgiw', '123qwe', '1', '1', 'user'),
(1976, '1', 'localhost@localhost', 'mcpgiw', '1q2w3e', '1', '1', 'user'),
(1977, '1', 'localhost@localhost', 'mcpgiw', '1q2w3e', '1', '1', 'user'),
(1978, '1', 'localhost@localhost', 'mcpgiw', '123', '1', '1', 'user'),
(1979, '1', 'localhost@localhost', 'mcpgiw', '1234', '1', '1', 'user'),
(1980, '1', 'localhost@localhost', 'mcpgiw', '12345', '1', '1', 'user'),
(1981, '1', 'localhost@localhost', 'mcpgiw', '123456', '1', '1', 'user'),
(1982, '1', 'localhost@localhost', 'mcpgiw', '123456', '1', '1', 'user'),
(1983, '1', 'localhost@localhost', 'mcpgiw', '123456', '1', '1', 'user'),
(1984, '1', 'localhost@localhost', 'mcpgiw', '123456', '1', '1', 'user'),
(1985, '1', 'localhost@localhost', 'mcpgiw', '666666', '1', '1', 'user'),
(1986, '1', 'localhost@localhost', 'mcpgiw', '777777', '1', '1', 'user'),
(1987, '1', 'localhost@localhost', 'mcpgiw', '888888', '1', '1', 'user'),
(1988, '1', 'localhost@localhost', 'mcpgiw', '888888', '1', '1', 'user'),
(1989, '1', 'localhost@localhost', 'mcpgiw', '555555', '1', '1', 'user'),
(1990, '1', 'localhost@localhost', 'mcpgiw', '654321', '1', '1', 'user'),
(1991, '1', 'localhost@localhost', 'mcpgiw', 'abc123', '1', '1', 'user'),
(1992, '1', 'localhost@localhost', 'mcpgiw', 'admin', '1', '1', 'user'),
(1993, '1', 'localhost@localhost', 'mcpgiw', '4dm1n', '1', '1', 'user'),
(1994, '1', 'localhost@localhost', 'mcpgiw', 'adm1n', '1', '1', 'user'),
(1995, '1', 'localhost@localhost', 'mcpgiw', 'admin1', '1', '1', 'user'),
(1996, '1', 'localhost@localhost', 'mcpgiw', 'admin1', '1', '1', 'user'),
(1997, '1', 'localhost@localhost', 'mcpgiw', 'admin1', '1', '1', 'user'),
(1998, '1', 'localhost@localhost', 'mcpgiw', 'adminp', '1', '1', 'user'),
(1999, '1', 'localhost@localhost', 'mcpgiw', '0admin', '1', '1', 'user'),
(2000, '1', 'localhost@localhost', 'mcpgiw', 'change', '1', '1', 'user'),
(2001, '1', 'localhost@localhost', 'mcpgiw', 'change', '1', '1', 'user'),
(2002, '1', 'localhost@localhost', 'mcpgiw', 'test', '1', '1', 'user'),
(2003, '1', 'localhost@localhost', 'mcpgiw', 'tmp', '1', '1', 'user'),
(2004, '1', 'localhost@localhost', 'mcpgiw', 'prince', '1', '1', 'user'),
(2005, '1', 'localhost@localhost', 'mcpgiw', 'monkey', '1', '1', 'user'),
(2006, '1', 'localhost@localhost', 'mcpgiw', 'tigger', '1', '1', 'user'),
(2007, '1', 'localhost@localhost', 'mcpgiw', 'admini', '1', '1', 'user'),
(2008, '1', 'localhost@localhost', 'mcpgiw', 'Admini', '1', '1', 'user'),
(2009, '1', 'localhost@localhost', 'mcpgiw', 'root', '1', '1', 'user'),
(2010, '1', 'localhost@localhost', 'mcpgiw', 'temp', '1', '1', 'user'),
(2011, '1', 'localhost@localhost', 'mcpgiw', 'demo', '1', '1', 'user'),
(2012, '1', 'localhost@localhost', 'mcpgiw', 'demo12', '1', '1', 'user'),
(2013, '1', 'localhost@localhost', 'mcpgiw', 'user', '1', '1', 'user'),
(2014, '1', 'localhost@localhost', 'mcpgiw', 'system', '1', '1', 'user'),
(2015, '1', 'localhost@localhost', 'mcpgiw', 'manage', '1', '1', 'user'),
(2016, '1', 'localhost@localhost', 'mcpgiw', 'guest', '1', '1', 'user'),
(2017, '1', 'localhost@localhost', 'mcpgiw', 'asdf', '1', '1', 'user'),
(2018, '1', 'localhost@localhost', 'mcpgiw', 'cisco', '1', '1', 'user'),
(2019, '1', 'localhost@localhost', 'mcpgiw', 'defaul', '1', '1', 'user'),
(2020, '1', 'localhost@localhost', 'mcpgiw', 'god', '1', '1', 'user'),
(2021, '1', 'localhost@localhost', 'mcpgiw', 'ilovey', '1', '1', 'user'),
(2022, '1', 'localhost@localhost', 'mcpgiw', 'letmei', '1', '1', 'user'),
(2023, '1', 'localhost@localhost', 'mcpgiw', 'login', '1', '1', 'user'),
(2024, '1', 'localhost@localhost', 'mcpgiw', 'love', '1', '1', 'user'),
(2025, '1', 'localhost@localhost', 'mcpgiw', 'mail', '1', '1', 'user'),
(2026, '1', 'localhost@localhost', 'mcpgiw', 'master', '1', '1', 'user'),
(2027, '1', 'localhost@localhost', 'mcpgiw', 'newpas', '1', '1', 'user'),
(2028, '1', 'localhost@localhost', 'mcpgiw', 'newuse', '1', '1', 'user'),
(2029, '1', 'localhost@localhost', 'mcpgiw', 'none', '1', '1', 'user'),
(2030, '1', 'localhost@localhost', 'mcpgiw', 'nopass', '1', '1', 'user'),
(2031, '1', 'localhost@localhost', 'mcpgiw', 'pass', '1', '1', 'user'),
(2032, '1', 'localhost@localhost', 'mcpgiw', 'passco', '1', '1', 'user'),
(2033, '1', 'localhost@localhost', 'mcpgiw', 'passw0', '1', '1', 'user'),
(2034, '1', 'localhost@localhost', 'mcpgiw', 'passwd', '1', '1', 'user'),
(2035, '1', 'localhost@localhost', 'mcpgiw', 'passwo', '1', '1', 'user'),
(2036, '1', 'localhost@localhost', 'mcpgiw', 'passwo', '1', '1', 'user'),
(2037, '1', 'localhost@localhost', 'mcpgiw', 'Passwo', '1', '1', 'user'),
(2038, '1', 'localhost@localhost', 'mcpgiw', 'Passw0', '1', '1', 'user'),
(2039, '1', 'localhost@localhost', 'mcpgiw', 'pa$$wo', '1', '1', 'user'),
(2040, '1', 'localhost@localhost', 'mcpgiw', 'p@sswo', '1', '1', 'user'),
(2041, '1', 'localhost@localhost', 'mcpgiw', 'P@$$w0', '1', '1', 'user'),
(2042, '1', 'localhost@localhost', 'mcpgiw', 'privat', '1', '1', 'user'),
(2043, '1', 'localhost@localhost', 'mcpgiw', 'qwert', '1', '1', 'user'),
(2044, '1', 'localhost@localhost', 'mcpgiw', 'qwerty', '1', '1', 'user'),
(2045, '1', 'localhost@localhost', 'mcpgiw', 'tomcat', '1', '1', 'user'),
(2046, '1', 'localhost@localhost', 'mcpgiw', 'read', '1', '1', 'user'),
(2047, '1', 'localhost@localhost', 'mcpgiw', 'sa', '1', '1', 'user'),
(2048, '1', 'localhost@localhost', 'mcpgiw', 'secret', '1', '1', 'user'),
(2049, '1', 'localhost@localhost', 'mcpgiw', 'securi', '1', '1', 'user'),
(2050, '1', 'localhost@localhost', 'mcpgiw', 'setup', '1', '1', 'user'),
(2051, '1', 'localhost@localhost', 'mcpgiw', 'super', '1', '1', 'user'),
(2052, '1', 'localhost@localhost', 'mcpgiw', 'superu', '1', '1', 'user'),
(2053, '1', 'localhost@localhost', 'mcpgiw', 'sys', '1', '1', 'user'),
(2054, '1', 'localhost@localhost', 'mcpgiw', 'sysadm', '1', '1', 'user'),
(2055, '1', 'localhost@localhost', 'mcpgiw', 'sysadm', '1', '1', 'user'),
(2056, '1', 'localhost@localhost', 'mcpgiw', 'tech', '1', '1', 'user'),
(2057, '1', 'localhost@localhost', 'mcpgiw', 'test1', '1', '1', 'user'),
(2058, '1', 'localhost@localhost', 'mcpgiw', 'tester', '1', '1', 'user'),
(2059, '1', 'localhost@localhost', 'mcpgiw', 'test12', '1', '1', 'user'),
(2060, '1', 'localhost@localhost', 'mcpgiw', 'trustn', '1', '1', 'user'),
(2061, '1', 'localhost@localhost', 'mcpgiw', 'testin', '1', '1', 'user'),
(2062, '1', 'localhost@localhost', 'mcpgiw', 'toor', '1', '1', 'user'),
(2063, '1', 'localhost@localhost', 'mcpgiw', 'write', '1', '1', 'user'),
(2064, '1', 'localhost@localhost', 'mcpgiw', 'xxx', '1', '1', 'user'),
(2065, '1', 'localhost@localhost', 'mcpgiw', 'suppor', '1', '1', 'user'),
(2066, '1', 'localhost@localhost', 'mcpgiw', 'mypass', '1', '1', 'user'),
(2067, '1', 'localhost@localhost', 'mcpgiw', 'supera', '1', '1', 'user'),
(2068, '1', 'localhost@localhost', 'mcpgiw', 'admina', '1', '1', 'user'),
(2069, '1', 'localhost@localhost', 'mcpgiw', 'adminp', '1', '1', 'user'),
(2070, '1', 'localhost@localhost', 'mcpgiw', 'localh', '1', '1', 'user'),
(2071, '1', 'localhost@localhost', 'mcpgiw', 'localh', '1', '1', 'user'),
(2072, '1', 'localhost@localhost', 'mcpgiw', 'undefi', '1', '1', 'user'),
(2073, '1', 'sample@email.tst', 'mcpgiw', 'g00dPa', '1', '1', 'user'),
(2074, '1', 'sample@email.tst', 'mcpgiw', 'g00dPa', '1', '1', 'user'),
(2075, '1', 'sample@email.tst', 'mcpgiw', 'g00dPa', '1', '1', 'user'),
(2076, '1', 'sample@email.tst', 'mcpgiw', 'g00dPa', '1', '1', 'user'),
(2077, '1', 'sample@email.tst', 'mcpgiw', 'g00dPa', '1', '1', 'user'),
(2078, '1', 'sample@email.tst', 'mcpgiw', 'g00dPa', '1', '1', 'user'),
(2079, '1', 'sample@email.tst', 'mcpgiw', 'g00dPa', '1', '1', 'user'),
(2080, '1', 'sample@email.tst', 'mcpgiw', 'g00dPa', '1', '1', 'user'),
(2081, '1', 'sample@email.tst', 'mcpgiw', 'g00dPa', '1', '1', 'user'),
(2082, '1', 'sample@email.tst', 'mcpgiw', 'g00dPa', '1', '1', 'user'),
(2083, '1', 'sample@email.tst', 'mcpgiw', 'g00dPa', '1', '1', 'user'),
(2084, '1', 'sample@email.tst', 'mcpgiw', 'g00dPa', '1', '1', 'user'),
(2085, '1', 'sample@email.tst', 'mcpgiw', 'g00dPa', '1', '1', 'user'),
(2086, '1', 'sample@email.tst', 'mcpgiw', 'g00dPa', '1', '1', 'user'),
(2087, '1', 'sample@email.tst', 'mcpgiw', 'g00dPa', '1', '1', 'user'),
(2088, '1', 'sample@email.tst', 'mcpgiw', 'g00dPa', '1', '1', 'user'),
(2089, '1', 'sample@email.tst', 'mcpgiw', 'g00dPa', '1', '1', 'user'),
(2090, '1', 'sample@email.tst', 'mcpgiw', 'g00dPa', '1', '1', 'user'),
(2091, '1', 'sample@email.tst', 'mcpgiw', 'g00dPa', '1', '1', 'user'),
(2092, '1', 'sample@email.tst', 'mcpgiw', 'g00dPa', '1', '1', 'user'),
(2093, '1', 'sample@email.tst', 'mcpgiw', 'g00dPa', '1', '1', 'user'),
(2094, '1', 'sample@email.tst', 'mcpgiw', 'g00dPa', '1', '1', 'user'),
(2095, '1', 'sample@email.tst', 'mcpgiw', 'g00dPa', '1', '1', 'user'),
(2096, '1', 'sample@email.tst', 'mcpgiw', 'g00dPa', '1', '1', 'user'),
(2097, '1', 'sample@email.tst', 'mcpgiw', 'g00dPa', '1', '1', 'user'),
(2098, '1', 'sample@email.tst', 'mcpgiw', 'g00dPa', '1', '1', 'user'),
(2099, '1', 'sample@email.tst', 'mcpgiw', 'g00dPa', '1', '1', 'user'),
(2100, '1', 'sample@email.tst', 'mcpgiw', 'g00dPa', '1', '1', 'user'),
(2101, '1', 'sample@email.tst', 'mcpgiw', 'g00dPa', '1', '1', 'user'),
(2102, '1', 'sample@email.tst', 'mcpgiw', 'g00dPa', '1', '1', 'user'),
(2103, '1', '1acuCnBpwAMwYu', 'ghspst', 'g00dPa', '1', '1', 'user'),
(2104, '1acuyeDzFyFACR', 'sample@email.tst', 'ghspst', 'g00dPa', '1', '1', 'user'),
(2105, '1', 'sample@email.tst', 'ghspst', '1acuHw', '1', '1', 'user'),
(2106, '1', 'sample@email.tst', 'ghspst', 'g00dPa', '1acuyTxuVvkGq4', '1', 'user'),
(2107, '1', 'sample@email.tst', 'ghspst', 'g00dPa', '1', '1acuqqjQ8xjYNF', 'user'),
(2108, '1', 'sample@email.tst', '1acuZj', 'g00dPa', '1', '1', 'user');

--
-- Indexes for dumped tables
--

--
-- Indexes for table `tbl_barang`
--
ALTER TABLE `tbl_barang`
  ADD PRIMARY KEY (`id_barang`);

--
-- Indexes for table `tbl_keranjang`
--
ALTER TABLE `tbl_keranjang`
  ADD PRIMARY KEY (`id`);

--
-- Indexes for table `tbl_pesanan`
--
ALTER TABLE `tbl_pesanan`
  ADD PRIMARY KEY (`id_pesanan`);

--
-- Indexes for table `tbl_users`
--
ALTER TABLE `tbl_users`
  ADD PRIMARY KEY (`id_user`);

--
-- AUTO_INCREMENT for dumped tables
--

--
-- AUTO_INCREMENT for table `tbl_barang`
--
ALTER TABLE `tbl_barang`
  MODIFY `id_barang` int(100) NOT NULL AUTO_INCREMENT, AUTO_INCREMENT=13;

--
-- AUTO_INCREMENT for table `tbl_keranjang`
--
ALTER TABLE `tbl_keranjang`
  MODIFY `id` int(100) NOT NULL AUTO_INCREMENT, AUTO_INCREMENT=19;

--
-- AUTO_INCREMENT for table `tbl_pesanan`
--
ALTER TABLE `tbl_pesanan`
  MODIFY `id_pesanan` int(100) NOT NULL AUTO_INCREMENT, AUTO_INCREMENT=39;

--
-- AUTO_INCREMENT for table `tbl_users`
--
ALTER TABLE `tbl_users`
  MODIFY `id_user` int(100) NOT NULL AUTO_INCREMENT, AUTO_INCREMENT=2109;
COMMIT;

/*!40101 SET CHARACTER_SET_CLIENT=@OLD_CHARACTER_SET_CLIENT */;
/*!40101 SET CHARACTER_SET_RESULTS=@OLD_CHARACTER_SET_RESULTS */;
/*!40101 SET COLLATION_CONNECTION=@OLD_COLLATION_CONNECTION */;
